Song,Artist,Track ID
Poor Little Fool,Ricky Nelson,5ayybTSXNwcarDtxQKqvWX
Nel Blu Dipinto Di Blu (Volare),Domenico Modugno,006Ndmw2hHxvnLbJsBFnPx
Little Star,The Elegants,6xupOaBWORbDmakCdQwMRG
It's All In The Game,Tommy Edwards,2tvt5K7y1gndmCgtIoLo1f
It's Only Make Believe,Conway Twitty,1xVOttVNT27FBTD8iHjOfU
Tom Dooley,The Kingston Trio,2qLxtO0iaFGI9x19vU3bDI
To Know Him; Is To Love Him,The Teddy Bears,5msxn2HUcd83qOsuQW7Kdb
The Chipmunk Song,The Chipmunks With David Seville,02NKMA9cIkq6VuBNu9q9Wf
Smoke Gets In Your Eyes,The Platters,2vSxjnyrWrtxyfzO47EX6q
Stagger Lee,Lloyd Price,7qoaMWT3eRCKG1RN6dVuOY
Venus,Frankie Avalon,5kqXQHIgQ6UfFP9LfqPNgG
Come Softly To Me,The Fleetwoods,603N4XGJUTbK760GLCvIIs
The Happy Organ,"Dave ""Baby"" Cortez",6fOxrKUo3f9OX2z6YrBpwy
Kansas City,Wilbert Harrison,4GvyP7CnBJEV2t7L7vOkjw
The Battle Of New Orleans,Johnny Horton,66eFGhs8LXeBgrXk0YgRJK
Lonely Boy,Paul Anka,44deyFcIU1jArZyFhOznh9
A Big Hunk O' Love,Elvis Presley With The Jordanaires,3GI4aSJU8HrTM6msYXz1MT
The Three Bells,The Browns,5xghdTMuqQPqtDJ0bn3zkn
Sleep Walk,Santo & Johnny,0yK8sWD6cfrc7pGfaPIcZH
Mack The Knife,Bobby Darin,3E5ndyOfO6vFDEIE42HA8o
Mr. Blue,The Fleetwoods,6bnFjTW3EnMG4BwreDnSHK
Heartaches By The Number,Guy Mitchell,0mmveflIg5uKskiCOdRV3e
Why,Frankie Avalon,3PNLqKBbWaTBGt9Y1lM1eB
El Paso,Marty Robbins,4f8hBeMXMvssn6HtFAtblo
Running Bear,Johnny Preston,1mE8QtaSFxEQnr3SgxmIRf
Teen Angel,Mark Dinning,7aNVTsJFlnaUTEBO6fvWho
"The Theme From ""A Summer Place""",Percy Faith And His Orchestra,6zwvB879PJSpTyFcg2wwnL
Stuck On You,Elvis Presley With The Jordanaires,7bA1DHtoJAvqyL42gHwOLa
Cathy's Clown,The Everly Brothers,27bw4i8LnECzVlbMZ4kFHw
Everybody's Somebody's Fool,Connie Francis,1qC8zQRrdkZCwzQ5N4ECoD
Alley-Oop,Hollywood Argyles,2bgl6miORpyE4ql0gl7KHR
I'm Sorry,Brenda Lee,4LJcNiq2pBb8OeqrGdBJQw
Itsy Bitsy Teenie Weenie Yellow Polkadot Bikini,Brian Hyland,4aTCNddtjztjuK2EOgz7ZZ
It's Now Or Never,Elvis Presley With The Jordanaires,6yP3V5FXNNJU8Z441vxhCV
The Twist,Chubby Checker,4YCnTYbq3oL1Lqpyxg33CU
My Heart Has A Mind Of Its Own,Connie Francis,7qinPLZ41lgIGuT40EAFs0
Mr. Custer,Larry Verne,0afR4FfSwgg5QFF1Wpuwil
Save The Last Dance For Me,The Drifters,391TUcoPonqYykPkSZ5Z9U
I Want To Be Wanted,Brenda Lee,03cB3gd91JsP3bCERC6Lmf
Georgia On My Mind,Ray Charles,6yMGxqKj0218mFR5KqsMRq
Stay,Maurice Williams & The Zodiacs,12BB5t506Of3s3NPBoKScC
Are You Lonesome To-night?,Elvis Presley With The Jordanaires,4xUqqie4bBKufHtlMuZS3k
Wonderland By Night,Bert Kaempfert And His Orchestra,5Ik1BD4gKzxofvNgSRQbCF
Will You Love Me Tomorrow,The Shirelles,4QMvxtZGcmvwWtmmoiRs5B
Calcutta,Lawrence Welk And His Orchestra,10VtM4vN0l9y4r0YTjVYaA
Pony Time,Chubby Checker,45gAw2xmDx9DZAnoiJK723
Surrender,Elvis Presley With The Jordanaires,366wRPrx2airjcCRkxgoS2
Blue Moon,The Marcels,0pnfT3OLqlnIvO0uMYgCfM
Runaway,Del Shannon,45Szkclj1lt4ubm7RFK68t
Mother-In-Law,Ernie K-Doe,7qEwxMKJu8EsjvOoxMJoTT
Travelin' Man,Ricky Nelson,1sM0yZDxUhPQhkDh2CLd6l
Running Scared,Roy Orbison,6sbj89WozjblBMa5u41orw
Moody River,Pat Boone,2TEdI0KNrYHo4UPhrt0ais
Quarter To Three,U.S. Bonds,5mOECh8BAECe5HEHzJUvpd
Tossin' And Turnin',Bobby Lewis,79s3pSe1u6ggQBEwVPm58Z
Wooden Heart,Joe Dowell,2ELAMT68a78OGwhCgj9Kai
Michael,The Highwaymen,25TcXSVruQ3Oox1RyqRCFf
Take Good Care Of My Baby,Bobby Vee,06JokgprGDKrtZ1eP6z2CQ
Hit The Road Jack,Ray Charles And His Orchestra With The Raelettes,5dUMh0ugelpKfoFp3qChuK
Runaround Sue,Dion,1DndHckdH9m5rp6gYP086b
Big Bad John,Jimmy Dean,61uAY9xdzYiIbYJ07XvKso
Please Mr. Postman,The Marvelettes,6jX5mso4x00c1EiNMrTU9U
The Lion Sleeps Tonight,The Tokens,2F4FNcz68howQWD4zaGJSi
Peppermint Twist - Part I,Joey Dee & the Starliters,227euiIPZryCQGJsYNuwW3
Duke Of Earl,Gene Chandler,6Hy22YDN9HJMRlJP1LwnJy
Hey! Baby,Bruce Channel,0obIo2GEab6qqms6t3JaMY
Don't Break The Heart That Loves You,Connie Francis,2fAB9BufYdc9AJLE6BusXP
Johnny Angel,Shelley Fabares,6XEW0P64pYXfD06e4oLcWz
Good Luck Charm,Elvis Presley With The Jordanaires,19gotedXtqeE8dWju6WURW
Soldier Boy,The Shirelles,7xt1KHm7ToHgfOaNhvONRR
Stranger On The Shore,Mr. Acker Bilk,1UUqBCegaEWTuaYdwc7QQx
I Can't Stop Loving You,Ray Charles,2b8cQfktOXRqaeAXSB4zaP
The Stripper,David Rose and His Orchestra,00vH2PsEQTGRyJYhyIyDbr
Roses Are Red (My Love),Bobby Vinton,5zw4SajQ2IKvjnSWXOSDrh
Breaking Up Is Hard To Do,Neil Sedaka,2x6pbpjVGjiWCcH89IK8AX
The Loco-Motion,Little Eva,5xzdDMhFYiuUONB0Mha9VS
Sheila,Tommy Roe,5Mzu8smN6fRBCaUaTytD1W
Sherry,The 4 Seasons,7sqK6f8dHVx3Q1GjFrVyGl
Monster Mash,"Bobby ""Boris"" Pickett And The Crypt-Kickers",0xxZY5C9xxij3D1HkzbnfC
He's A Rebel,The Crystals,0mG8Hety4RELeo6p808fcy
Big Girls Don't Cry,The 4 Seasons,00meczE1jpLTX0BBzIGrAR
Telstar,The Tornadoes,5e7Iydav7OtvZft8sB2pW7
Go Away Little Girl,Steve Lawrence,0xx4lbu88MyZRjq8f45B0e
Walk Right In,The Rooftop Singers,4WhT2YADjcU58IUgroWZQZ
Hey Paula,Paul and Paula,3kl9waNDdEv2BqDJBu9fuw
Walk Like A Man,The 4 Seasons,4C76SOnBa9eQDwOwe11hPz
Our Day Will Come,Ruby And The Romantics,3ngYXFSYtF5mHguNCA3JZ0
He's So Fine,The Chiffons,2Bs1Lw9LX8hBm70t1iGdlh
I Will Follow Him,Little Peggy March,7dFKoNC2k5qgbXrbcMCHQ0
If You Wanna Be Happy,Jimmy Soul,7D97JnBT73FWUh9KmRvP9M
It's My Party,Lesley Gore,1Pq47iFLC5U7j8xeNiNcuS
Sukiyaki,Kyu Sakamoto,6meIeOX3DHdaCnaNw67abE
Easier Said Than Done,The Essex,2C5p7j2gw7Jr2VAZDiNP4u
Surf City,Jan & Dean,1Oewmmr12xuhgzvUJ9Q0cf
So Much In Love,The Tymes,6h0LLmMVZY108wNzD5UM6O
Fingertips - Pt 2,Little Stevie Wonder,6SvMoVRctg7Z3jDtlYIYlL
My Boyfriend's Back,The Angels,5NiFSI8iIDtVm1NCwdYrHS
Blue Velvet,Bobby Vinton,3WO8ZBnOtad3xMz46Z54pY
Sugar Shack,Jimmy Gilmer And The Fireballs,18CglpvgJf2PbHcFijT6gf
Deep Purple,Nino Tempo & April Stevens,5kJez8nvgq0HqhWy3UTQFx
I'm Leaving It Up To You,Dale & Grace,4To8mxhdtvoKpELxEHOGGU
Dominique,The Singing Nun (Soeur Sourire),4ns69146GVKS3AwM922kTE
There! I've Said It Again,Bobby Vinton,3mwiyHBHfAzOe89MwqJeEb
I Want To Hold Your Hand,The Beatles,5Qe7NHxeLAn8KoLTNLSdwe
She Loves You,The Beatles,0qsS2A3hwicJCLtcaR6JRQ
Can't Buy Me Love,The Beatles,3SdingSsFcZDZAyvcJbgAw
Hello; Dolly!,Louis Armstrong And The All Stars,63kd4m3VFxcJjPVVtbVNAu
My Guy,Mary Wells,4591VqUIXysNlmI5NcAIUd
Love Me Do,The Beatles,3VbGCXWRiouAq8VyMYN2MI
Chapel Of Love,The Dixie Cups,7vVG9xbmNQrtdSPTi7KDUm
A World Without Love,Peter And Gordon,7fO6hgP2MnAjVtSxResRw2
I Get Around,The Beach Boys,3v9xlH6BpmRbqL7hgNJhfT
Rag Doll,"The 4 Seasons Featuring the ""Sound of Frankie Valli""",6kAROIu6CLVjulTqSPYmAP
A Hard Day's Night,The Beatles,65vdMBskhx3akkG9vQlSH1
Everybody Loves Somebody,Dean Martin,5I9sHwLDX28tLtzVgKLtpr
Where Did Our Love Go,The Supremes,69RH84na5iUNwrwxpgjC5j
House Of The Rising Sun,The Animals,7BY005dacJkbO6EPiOh2wb
Oh; Pretty Woman,Roy Orbison And The Candy Men,48i055G1OT5KxGGftwFxWy
Do Wah Diddy Diddy,Manfred Mann,48ZjHLkaHpXIlGGYUlb3bZ
Baby Love,The Supremes,5uES1C2NgkdrNHiCwf9jRr
Leader Of The Pack,The Shangri-Las,6O5PIO5pAWxdoxvaUFQ02G
Ringo,Lorne Greene,5GHbWzjRy1XfnTf5rkA8bf
Mr. Lonely,Bobby Vinton,5KG2ahk1cONbHvg3dBdTbx
Come See About Me,The Supremes,307kcWJQNMdiYYKj1LgClU
I Feel Fine,The Beatles,4gxs9En3aoaOm2J5wNMMm9
Downtown,Petula Clark,6S55C80YzjhSrCRRd1p80b
You've Lost That Lovin' Feelin',The Righteous Brothers,6AeyHqzNHJthYJbn0tvJ4b
This Diamond Ring,Gary Lewis And The Playboys,44zDLad2CZrhWg2lg9nfuy
My Girl,The Temptations,745H5CctFr12Mo7cqa1BMH
Eight Days A Week,The Beatles,1Dg4dFJr3HW7sbA7vPejre
Stop! In The Name Of Love,The Supremes,52FlwUMMDnTK8TGkCag9Jd
I'm Telling You Now,Freddie And The Dreamers,3qC08srhXBJ6DEQ7CwPMB0
Game Of Love,Wayne Fontana & The Mindbenders,0jUfBCWrfrZGueD8MjvgMo
Mrs. Brown You've Got A Lovely Daughter,Herman's Hermits,1GJCJpKYfzRUsYnSRy4Mfz
Ticket To Ride,The Beatles,7CZiDzGVjUssMSOXrDNYHL
Help Me; Rhonda,The Beach Boys,3haZcHm3HydDVxm3je3Zmg
Back In My Arms Again,The Supremes,2WjW8DjQru6Ic4KvYDqLys
I Can't Help Myself (Sugar Pie Honey Bunch),Four Tops,6b6IMqP565TbtFFZg9iFf3
Mr. Tambourine Man,The Byrds,2HCaIYjkvWSZzaSKUoOh3d
(I Can't Get No) Satisfaction,The Rolling Stones,2PzU4IB8Dr6mxV3lHuaG34
I'm Henry VIII; I Am,Herman's Hermits,39Jr3Nu48BQzLSmlPGSniP
I Got You Babe,Sonny & Cher,4SGBuq37Ol4HJr7pQqFMKa
Help!,The Beatles,7DD7eSuYSC5xk2ArU62esN
Eve Of Destruction,Barry McGuire,1Zi2ezNOqt9y9irC11xYpN
Hang On Sloopy,The McCoys,0i7O5MtSTXvR4BEY7stpjF
Yesterday,The Beatles,3BQHpFgAp4l80e1XslIjNI
Get Off Of My Cloud,The Rolling Stones,263Iuyk08ks1v6FIudUIGD
I Hear A Symphony,The Supremes,5SCB7L1alKg7ZEeSw7Sq9f
Turn! Turn! Turn! (To Everything There Is A Season),The Byrds,5qBqBdfTEIWJwAS0Jm2F5R
Over And Over,The Dave Clark Five,0SKS8mR9wgXcr670BzR9fg
The Sound Of Silence,Simon & Garfunkel,5y788ya4NvwhBznoDIcXwK
We Can Work It Out,The Beatles,1hTUFqJuQAMjXVGwUPWDqi
My Love,Petula Clark,1VkjC0VqC21vNPnkzBUWtt
Lightnin' Strikes,Lou Christie,2OQhFe5jjTnMWaaDRZxz31
These Boots Are Made For Walkin',Nancy Sinatra,2HEgBBls7l0smWTxPx0MtZ
The Ballad Of The Green Berets,SSgt Barry Sadler,0yjNmllr3Ew6f97TqPuEqa
(You're My) Soul And Inspiration,The Righteous Brothers,5ZHOiRqKOzgFMfMAu8cwzp
Good Lovin',The Young Rascals,0XnhQGfqfi5CnZXcONJuI5
Monday; Monday,The Mamas & The Papas,3EFb1qDgIqf9MegIryKtDj
When A Man Loves A Woman,Percy Sledge,51FpzuGkRYXFgsE2zXt9av
Paint It; Black,The Rolling Stones,63T7DJ1AFDD6Bn8VzG6JE8
Paperback Writer,The Beatles,0Ui8KPWZbJJQ2Y0CIQuVqX
Strangers In The Night,Frank Sinatra,74VR3AkGPhbYXnxcOYa16x
Hanky Panky,Tommy James And The Shondells,3uqEiaO6MUoM89nLSIs05c
Wild Thing,The Troggs,7jGzYUZ2Bgg8BDfYlQRfn8
Summer In The City,The Lovin' Spoonful,7AzFID6u1b3zIWbd9pb8Dk
Sunshine Superman,Donovan,4RGxUjaCmVtD30pIhtEi7w
You Can't Hurry Love,The Supremes,1OppEieGNdItZbE14gLBEv
Cherish,The Association,7uGeDI6nJEdUYMsMd7mQyl
Reach Out I'll Be There,Four Tops,6Pkj4nv5K53i64cLVgkVyY
96 Tears,? (Question Mark) & The Mysterians,4PEeZ2U4UfP2Jo8EtIOjus
Last Train To Clarksville,The Monkees,3h4t9qpFktohHeUQc3hZCa
Poor Side Of Town,Johnny Rivers,60DmpUd1BnemzjASiUewnf
You Keep Me Hangin' On,The Supremes,4a01ClusxuZiloOK5UgLUn
Winchester Cathedral,The New Vaudeville Band,3Q51jQuzjEDMTyFX4pT2dK
Good Vibrations,The Beach Boys,5t9KYe0Fhd5cW6UYT4qP8f
I'm A Believer,The Monkees,3G7tRC24Uh09Hmp1KZ7LQ2
Kind Of A Drag,The Buckinghams,3RnsnfrquBAy6kIejQzc2C
Ruby Tuesday,The Rolling Stones,4hupcimlg3UBbW1kAQ6vrT
Love Is Here And Now You're Gone,The Supremes,4KUGhh0lsJ8GxQJ1Um8UrB
Penny Lane,The Beatles,1h04XMpzGzmAudoI6VHBgA
Happy Together,The Turtles,1JO1xLtVc8mWhIoE3YaCL0
Somethin' Stupid,Nancy Sinatra & Frank Sinatra,4feXcsElKIVsGwkbnTHAfV
The Happening,The Supremes,6IrBgAF2nSiwrdbIcaCKnp
Groovin',The Young Rascals,3c2kMiSB86tVq1J4oULmvL
Respect,Aretha Franklin,7s25THrKz86DM225dOYwnr
Windy,The Association,1lHiKWnlJtjzA4vHnjAr39
Light My Fire,The Doors,5uvosCdMlFdTXhoazkTI5R
All You Need Is Love,The Beatles,68BTFws92cRztMS1oQ7Ewj
Ode To Billie Joe,Bobbie Gentry,4FdDorlbJTVHcH3djLbIfn
The Letter,The Box Tops,6RJK553YhstRzyKA4mug09
To Sir With Love,Lulu,0gBFr7N2D1GfhkXIIepIGG
Incense And Peppermints,Strawberry Alarm Clock,16iApoNZYaN6gbMtRRVV6B
Daydream Believer,The Monkees,7uEcCGtM1FBBGIhPozhJjv
Hello Goodbye,The Beatles,0vZ97gHhemKm6c64hTfJNA
Judy In Disguise (With Glasses),John Fred And The Playboys,2p7mA5rSVwIaoNslO9zylp
Green Tambourine,The Lemon Pipers,240FNg8tSGXr9OGswVMuO6
Love Is Blue (L'amour Est Bleu),Paul Mauriat And His Orchestra,6vUhLEkY17FlxjEysVA6SX
(Sittin' On) The Dock Of The Bay,Otis Redding,3zBhihYUHBmGd2bcQIobrF
Honey,Bobby Goldsboro,2Qhvi6R73Zj3cpzRYzcAww
Tighten Up,Archie Bell & The Drells,6IIcvtmuGpWIasqOpyGlyY
Mrs. Robinson,Simon & Garfunkel,0iOZM63lendWRTTeKhZBSC
This Guy's In Love With You,Herb Alpert,5hffP5gJFe1zByXf7BIeYq
Grazing In The Grass,Hugh Masekela,2P6Buc8kWRgShx7aHIadqu
Hello; I Love You,The Doors,3bWGaqVeYKMlLss40mPgNn
People Got To Be Free,The Rascals,5tUEIByLWg1sYWajZ2x5zx
Harper Valley P.T.A.,Jeannie C. Riley,63EQVLdtGL6rZf8mPKW7QY
Hey Jude,The Beatles,0aym2LBJBk9DAYuHHutrIl
Love Child,Diana Ross & The Supremes,69EILuL34ggLWQsa626bes
I Heard It Through The Grapevine,Marvin Gaye,1tqT6DhmsrtQgyCKUwotiw
Crimson And Clover,Tommy James And The Shondells,74ohdXevc7VsXl96ofi3Kn
Everyday People,Sly & The Family Stone,4ZVZBc5xvMyV3WzWktn8i7
Dizzy,Tommy Roe,5LvIl1VHaqtCJJXwrB8QR9
Aquarius/Let The Sunshine In (The Flesh Failures),The 5th Dimension,0HZlND4giwzgolBpaNIRGV
Get Back,The Beatles With Billy Preston,4MLBqAEzNN89o2M9h92Z26
Love Theme From Romeo & Juliet,Henry Mancini And His Orchestra,0oFkaYVT0tVb9v5sOaMvJv
In The Year 2525,Zager & Evans,5UVsbUV0Kh033cqsZ5sLQi
Honky Tonk Women,The Rolling Stones,7HIG9Utsra6sL79nA1Tn0y
Sugar; Sugar,The Archies,6MTd61g9zq6CB1FnJydjEb
I Can't Get Next To You,The Temptations,6aL6pPBaTMGgM558mplSnj
Suspicious Minds,Elvis Presley,1H5IfYyIIAlgDX8zguUzns
Wedding Bell Blues,The 5th Dimension,0bzNvVatHKKtAudmRvar8J
Come Together/Something,The Beatles,1aIh8C6OpXxOdM4pJatdIW
Na Na Hey Hey Kiss Him Goodbye,Steam,1mrSHPNTDdMkXpR4BiSiD7
Leaving On A Jet Plane,Peter| Paul & Mary,6ZSTinOwx5dKFYc6iYyGDn
Someday We'll Be Together,Diana Ross & The Supremes,79Yk6AlSKi5dxDFINID2hS
Raindrops Keep Fallin' On My Head,B.J. Thomas,2s1Yh0AywJhLsKKZ9vM0tm
I Want You Back,Jackson 5,5LxvwujISqiB8vpRYv887S
Venus,The Shocking Blue,0Z3xhSOhrawLV81YdiDiiJ
Thank You Falettinme Be Mice Elf Agin/Everybody Is A Star,Sly & The Family Stone,74iQ3gahRTOGc19bYadBE3
Bridge Over Troubled Water,Simon & Garfunkel,6l8EbYRtQMgKOyc1gcDHF9
Let It Be,The Beatles,7iN1s7xHE4ifF5povM6A48
ABC,Jackson 5,6D8kc7RO0rqBLSo2YPflJ5
American Woman/No Sugar Tonight,The Guess Who,0emHuukZSuaOzOlsAWHj2W
Everything Is Beautiful,Ray Stevens,6dK0AYajyKG5xiduYXkISl
The Long And Winding Road/For You Blue,The Beatles,3mlMpmY8oZIBFc39D9zLbh
The Love You Save/I Found That Girl,Jackson 5,39SyB2NWiRlMtcKrI2rr4k
Mama Told Me (Not To Come),Three Dog Night,1CAO7hiNOxJRPW4nFv2aRO
(They Long To Be) Close To You,Carpenters,50q2aUjWoTn6CJIfSPRJQA
Make It With You,Bread,7wWw7hBmErNg9u5w6Xx0vy
War,Edwin Starr,4ZEEcEMGjkWOfZNBcIB9yE
Ain't No Mountain High Enough,Diana Ross,1KbuhBnzMHp4eq1q6flhWd
Cracklin' Rosie,Neil Diamond,5pkd9ib1RgbkAd1R9bIOCa
I'll Be There,Jackson 5,5RdhBLmB4DyFHLglRrfx63
I Think I Love You,The Partridge Family Starring Shirley Jones Featuring David Cassidy,22vqiTM3mI3r4P1P2N4qUi
The Tears Of A Clown,Smokey Robinson & The Miracles,6QyQmdvQ1ywNccYa0pwLNQ
My Sweet Lord/Isn't It A Pity,George Harrison,0KZodeWxqxd88F9wY1cqgs
Knock Three Times,Dawn,5eieTS268veCXyZoLoy7eP
One Bad Apple,The Osmonds,50UoJUrslRVqG0cg6uboyn
Me And Bobby McGee,Janis Joplin,1IqFh00G2kvvMm8pRMpehA
Just My Imagination (Running Away With Me),The Temptations,39Bd345OWEhRNyfayhp9gv
Joy To The World,Three Dog Night,2ymeOsYijJz09LfKw3yM2x
Brown Sugar,The Rolling Stones,61UuPxxYUvacEH6SHIK3sU
Want Ads,The Honey Cone,0zDHmuznzH58kkLutgrbiD
It's Too Late/I Feel The Earth Move,Carole King,12q3V8ShACq2PSWINMc2rC
Indian Reservation (The Lament Of The Cherokee Reservation Indian),The Raiders,3mDOHVY9MWZOTODSNF5GBj
You've Got A Friend,James Taylor,6zV8IpLvw0tkRSVCFQJB1y
How Can You Mend A Broken Heart,Bee Gees,1jy0RbDHyBMTupSdc98XbG
Uncle Albert/Admiral Halsey,Paul & Linda McCartney,5SwgE4wA0P7f6AEz2UQMB2
Go Away Little Girl,Donny Osmond,6SvOdNsEfi7EDB0oFtH3YG
Maggie May/Reason To Believe,Rod Stewart,7hBTWJwdCkZt7IjUsENqmv
Gypsys; Tramps & Thieves,Cher,6fsSZbNL7XP9gf1kJ2l155
Theme From Shaft,Isaac Hayes,7KMILVTQdVS4zQ8ilTcpRO
Family Affair,Sly & The Family Stone,4f3u4Oy0JqJRIhMmTqRcxj
Brand New Key,Melanie,7da5B9d2oVV16YSzXVxmrR
American Pie (Parts I & II),Don McLean,1fDsrQ23eTAVFElUMaf38X
Let's Stay Together,Al Green,63xdwScd1Ai1GigAwQxE8y
Without You,Nilsson,6MrILERJLA3Jcq0E9poZsp
Heart Of Gold,Neil Young,26QKxvjlCo2fSd3T4c8Zpb
A Horse With No Name,America,54eZmuggBFJbV7k248bTTt
The First Time Ever I Saw Your Face,Roberta Flack,0SxFyA4FqmEQqZVuAlg8lf
Oh Girl,The Chi-lites,0cFlXjTxFdMGGPfLVpt3Wv
I'll Take You There,The Staple Singers,5YLnfy7R2kueN0BRPkjiEG
The Candy Man,Sammy Davis| Jr. with The Mike Curb Congregation,5X3XrHlCFVGqNKpGp85xVC
Song Sung Blue,Neil Diamond,57KfogSy3eKuk5JHLKwCJv
Lean On Me,Bill Withers,3M8FzayQWtkvOhqMn2V4T2
Alone Again (Naturally),Gilbert O'Sullivan,54pvEYFocTlvIAQOfXSjqV
Brandy (You're A Fine Girl),Looking Glass,2BY7ALEWdloFHgQZG6VMLA
Black & White,Three Dog Night,4XcUADpOth9Wroq5EVMFJq
Baby Don't Get Hooked On Me,Mac Davis,4z51Gf7Ppt9Lmu5zmnUIz9
Ben,Michael Jackson,0ZFqB9g2FujbmMSrjqsL3j
My Ding-A-Ling,Chuck Berry,2L8mIvM1OwkJyGb3WwDFT3
I Can See Clearly Now,Johnny Nash,0DcrhZ12WcCqruCs8ibXSf
Papa Was A Rollin' Stone,The Temptations,7MiLmLbwNoyf47xQ4TCVYp
I Am Woman,Helen Reddy,3l2hbXdvmaH3tUd3qWLKgm
Me And Mrs. Jones,Billy Paul,6Ro2z4RtAUew9Kz2HZWZUi
You're So Vain,Carly Simon,2DnJjbjNTV9Nd5NOa1KGba
Superstition,Stevie Wonder,1h2xVEoJORqrg71HocgqXd
Crocodile Rock,Elton John,6WCeFNVAXUtNczb7lqLiZU
Killing Me Softly With His Song,Roberta Flack,3gsCAGsWr6pUm1Vy7CPPob
Love Train,The O'Jays,28285KFbyCq8sJofn58qlD
The Night The Lights Went Out In Georgia,Vicki Lawrence,4ZObql2ASJn1bvasBzjlyI
Tie A Yellow Ribbon Round The Ole Oak Tree,Dawn Featuring Tony Orlando,3NXES1knSS2eUCgkr77QU6
You Are The Sunshine Of My Life,Stevie Wonder,0n2pjCIMKwHSXoYfEbYMfX
Frankenstein,Edgar Winter Group,2l0Z9fY1E8Bep8opmhmDhq
My Love,Paul McCartney And Wings,0Oj0TT23GBH2XuHAaSsloH
Give Me Love - (Give Me Peace On Earth),George Harrison,1ZiN3wseympSLDIFkaWHHC
Will It Go Round In Circles,Billy Preston,0iifjjuozo6r5fh2GWI6Pq
Bad; Bad Leroy Brown,Jim Croce,2r3XNMon9K7bl2KTtHsaQO
The Morning After,Maureen McGovern,62QRbVm7DqR3eoqgT7pEfs
Touch Me In The Morning,Diana Ross,4sIkDCqNjTubfb5UVs8lEA
Brother Louie,Stories,5kbSslE6zBMZnULSrE4SdZ
Let's Get It On,Marvin Gaye,627teoJpK7qZOxRRY8TNnv
Delta Dawn,Helen Reddy,53RGKUb4zvhHaDCmjgUrIP
We're An American Band,Grand Funk,3XcjIvaZVUFAIdIYZqY9bd
Half-Breed,Cher,23jaOlnV7vHmly51DPBr35
Angie,The Rolling Stones,1GcVa4jFySlun4jLSuMhiq
Midnight Train To Georgia,Gladys Knight And The Pips,7MF7QAodbGzNYav5ZfIhAY
Keep On Truckin' (Part 1),Eddie Kendricks,5CiOCxc3argOhj5qKNZGN0
Photograph,Ringo Starr,1hwN2eAwsXgktvw9Qe8TrP
Top Of The World,Carpenters,1Ehdm1PDlKrdfyBsjwEvd1
The Most Beautiful Girl,Charlie Rich,542C7PqR1oEfl63hlhQO4V
Time In A Bottle,Jim Croce,7uWFUpGuEfmxYeymkV95jn
The Joker,The Steve Miller Band,1bp2IO61zbQrbWNmKKxg3f
Show And Tell,Al Wilson,2vhW1OmaZDYi63Da9d8R5o
You're Sixteen,Ringo Starr,4MAxWahEbzU8m4bD6mSZg9
The Way We Were,Barbra Streisand,1vZTgn4JXWMahR8r99ug5H
Love's Theme,Love Unlimited Orchestra,5csdrJ0JtFn0qvwlvSh2EI
Seasons In The Sun,Terry Jacks,7pGMRy91RcQT9oHdPgYz3A
Dark Lady,Cher,0xL3tjPSUJncbnIOn1uPhZ
Sunshine On My Shoulders,John Denver,3m8lTUL5GxGUNSaycI77ND
Hooked On A Feeling,Blue Swede,2Nz6aF1umHh5Et6I5H581L
Bennie And The Jets,Elton John,5Wj1rJnCLpMHdLaxsFtJLs
TSOP (The Sound Of Philadelphia),MFSB Featuring The Three Degrees,7kllQQPam6HumbUCIPSvHJ
The Loco-Motion,Grand Funk,0PxYWaGiwWtcuL1VIMiEW4
The Streak,Ray Stevens,7FUk1EkNJLXyjadbiHlw0C
Band On The Run,Paul McCartney And Wings,1H4idkmruFoJBg1DvUv2tY
Billy; Don't Be A Hero,Bo Donaldson And The Heywoods,6ZqgJAbxuEUjazBLN5V0U4
Sundown,Gordon Lightfoot,0SjnBEHZVXgCKvOrpvzL2k
Rock The Boat,The Hues Corporation,7fu3Tv5rcoGD1PZV7s57WW
Rock Your Baby,George McCrae,16KwF7IrKHTVTitUKH58g3
Annie's Song,John Denver,4J0DbyODwZJcmIAiTSJfMF
Feel Like Makin' Love,Roberta Flack,7gkboYtvhuXNS4EUwmFPcw
The Night Chicago Died,Paper Lace,4f4RRYN3R7glPElFjeoUnC
(You're) Having My Baby,Paul Anka with Odia Coates,5PuAFxKmqG72uKyoo11zpQ
I Shot The Sheriff,Eric Clapton,0UOxp1BpnD8uPQMKU4wKjz
Can't Get Enough Of Your Love; Babe,Barry White,3mWpUEBYnv9SIFWfixSJFx
Rock Me Gently,Andy Kim,6CmowFMfHPyMx6c4tHOb0k
I Honestly Love You,Olivia Newton-John,5q8UoqDHPe9bU4R5bbvcJF
Nothing From Nothing,Billy Preston,72PoJMDfdaw9gGECgA9kTZ
Then Came You,Dionne Warwicke & Spinners,2ARBXxaM4pzXhGpFoZPAg7
You Haven't Done Nothin,Stevie Wonder,1inwt0v9a4ib9yS6Y4KsdM
You Ain't Seen Nothing Yet/Free Wheelin',Bachman-Turner Overdrive,0HOrDVS349XFcpCYsO2hAP
Whatever Gets You Thru The Night,John Lennon With The Plastic Ono Nuclear Band,49nBXQzYNyjoBmUda3ezMf
I Can Help,Billy Swan,4oW1lGOw5Q5OLvoJv92qoE
Kung Fu Fighting,Carl Douglas,7K8QsHbmUpSX37oOCL4e2g
Cat's In The Cradle,Harry Chapin,2obblQ6tcePeOEVJV6nEGD
Angie Baby,Helen Reddy,46OZwUIGXFDclUHJYjunOj
Lucy In The Sky With Diamonds,Elton John,13JsYnkF16pHKuOFG6uI1C
Mandy,Barry Manilow,6iXQrhhgBisdfvS34EMTZ3
Please Mr. Postman,Carpenters,74jZhGv0fdLaf9q8AZZ15k
Laughter In The Rain,Neil Sedaka,2ozTcQyZQmm9tSmc4VZfwU
Fire,Ohio Players,06xkqQuJzl1ddeK48jG6qa
You're No Good,Linda Ronstadt,23DZLSxCK6kM8FF2RlzKDl
Pick Up The Pieces,AWB,2x1LQq8lsUzAA2wNj8yjC9
Best Of My Love,Eagles,5MLLuLqPdUlx8bfKtdkLwO
Have You Never Been Mellow,Olivia Newton-John,5ehVOC0zSdwWqyZlhomJSi
Black Water,The Doobie Brothers,4p8QcNkaq2FQj8uGJ7HEDK
My Eyes Adored You,Frankie Valli,2yDQVcj26tpi9IUJhw9xDs
Lady Marmalade,Labelle,17VWTx7LD7liGlpnlGhUbn
Lovin' You,Minnie Riperton,3ebYtLVuV4HzEZUDcpZB9p
Philadelphia Freedom,The Elton John Band,2Tl39kuwt9hDAQS6Dj8uuG
(Hey Won't You Play) Another Somebody Done Somebody Wrong Song,B.J. Thomas,0b7qiL1rLbUUpGXczt7p5T
He Don't Love You (Like I Love You),Tony Orlando & Dawn,0XaaoZUWQFzcFiQbXKhABU
Shining Star,Earth| Wind & Fire,0RgcOUQg4qYAEt9RIdf3oB
Before The Next Teardrop Falls,Freddy Fender,2SVW5774QbmEjWfbHOEnz3
Thank God I'm A Country Boy,John Denver,69HICMmc6nNLucAx3aJX9M
Sister Golden Hair,America,5VSAonaAPhhGn0G7hMYwWK
Love Will Keep Us Together,The Captain & Tennille,0QmBMkTnJkC1dWNDd0sBWG
Listen To What The Man Said,Wings,0SkpjIqhANcC2QQu8DIuwG
The Hustle,Van McCoy & The Soul City Symphony,6hYT9vkr0xMjhBlaLsYq9T
One Of These Nights,Eagles,608xszaAxVh4m7NcKJiAbF
Jive Talkin',Bee Gees,4t0Pj3iBnSCZv5pDEPNmzG
Fallin' In Love,Hamilton| Joe Frank & Reynolds,4XrbcxI03ARSyqU8jE3pXy
Get Down Tonight,KC And The Sunshine Band,2qVZpGu1v98tvUAutqyAfJ
Rhinestone Cowboy,Glen Campbell,0VwTeYNjcl30DyQlt3GPe0
Fame,David Bowie,1PehfITh0TTRx3LkDdV4h3
I'm Sorry,John Denver,5opuphTIXgUUClEs5mnIQN
Bad Blood,Neil Sedaka,5ABrBYbzepxzcW9pLIWw1j
Island Girl,Elton John,2u3UJ9KyduTnbi9yUVGYfW
That's The Way (I Like It),KC And The Sunshine Band,1qiQduM84A0VeH8Y2uAbqi
Fly; Robin; Fly,Silver Convention,4Wr14AISsCuBGdkA6rids4
Let's Do It Again,The Staple Singers,1YQIOrrOg1UDqZCGcZWQ0a
Saturday Night,Bay City Rollers,78zYiMv9yNTHgmm6kaUPCm
Convoy,C.W. McCall,6dGWq08LXuIw6T2oUeHECh
I Write The Songs,Barry Manilow,12FZTFRyd4RBzvKf8RB0zO
Theme From Mahogany (Do You Know Where You're Going To),Diana Ross,10VbGCpgC4FtmYSwBLvIDX
Love Rollercoaster,Ohio Players,1hRDHWWealh2Pk3fnpIe75
50 Ways To Leave Your Lover,Paul Simon,6Qb7gtV6Q4MnUjSbkFcopl
Theme From S.W.A.T.,Rhythm Heritage,5x9xxVr7nJ9xMfDIW02Nv3
Love Machine (Part 1),The Miracles,2j4k2Q2SGEijVhTv8pycv2
December; 1963 (Oh; What a Night),The 4 Seasons,1hQFF33xi8ruavZNyovtUN
Disco Lady,Johnnie Taylor,1tMyqN7bNCokdg7jWgKPc8
Let Your Love Flow,Bellamy Brothers,064SVQsmWl5EF0zahmzkQk
Welcome Back,John Sebastian,2pS6zWWQCpO0IVEBIbzJh8
Boogie Fever,The Sylvers,3FZB0xezeoc1ddx72eg7iF
Silly Love Songs,Wings,3uiMBldZ07pW0ySHDX5gzE
Love Hangover,Diana Ross,4UqPeeSyRt59KZmC0aA2Ni
Afternoon Delight,Starland Vocal Band,1pBAsoHy7eN9aeVCTAiKua
Kiss And Say Goodbye,The Manhattans,0rHiGIRASJq8snJGFJMpnI
Don't Go Breaking My Heart,Elton John & Kiki Dee,7HW5WIw7ZgZORCzUxv5gW5
You Should Be Dancing,Bee Gees,2xiOdusRnZezQok1RgLNeS
(Shake; Shake; Shake) Shake Your Booty,KC And The Sunshine Band,3Is0Nnz59rzbNZE491URlY
Play That Funky Music,Wild Cherry,5uuJruktM9fMdN9Va0DUMl
A Fifth Of Beethoven,Walter Murphy & The Big Apple Band,2CDNjonGoGIrfGzAdhbOAF
Disco Duck (Part I),Rick Dees & His Cast Of Idiots,5gQ3nMRR1eph1wZJpoQweg
If You Leave Me Now,Chicago,0KMGxYKeUzK9wc5DZCt3HT
Rock'n Me,Steve Miller,1orVKbp6vqtfAPOmvRofVq
Tonight's The Night (Gonna Be Alright),Rod Stewart,10LRRKPmx8uHcSxLVWK0ct
You Don't Have To Be A Star (To Be In My Show),Marilyn McCoo & Billy Davis Jr.,2JurHS80N98Yt3CdIBYz9M
You Make Me Feel Like Dancing,Leo Sayer,6gTrbqZnyljwXdYQTyBkSx
I Wish,Stevie Wonder,687YZan9Gol1UVvbpUSO6Y
Car Wash,Rose Royce,2pbWkjtGtjkzBdZ95GFINm
Torn Between Two Lovers,Mary Macgregor,0uSrLvAGZPVkO2DgCj6DfC
Blinded By The Light,Manfred Mann's Earth Band,7kNNylJ1kswWbHeRM6UDuE
New Kid In Town,Eagles,6Zyz8lsnMFpIrCTuvGurCB
"Evergreen (Love Theme From ""A Star Is Born"")",Barbra Streisand,2IcqY68BxP1ONPi3ME6aje
Rich Girl,Daryl Hall John Oates,0qRR9d89hIS0MHRkQ0ejxX
Dancing Queen,ABBA,0GjEhVFGZW8afUYGChu3Rr
Don't Give Up On Us,David Soul,2EDWTamwVRo9XZ6LapRDGA
Don't Leave Me This Way,Thelma Houston,2rBBhFXtuMoGuwYTSDpAdF
Southern Nights,Glen Campbell,7kv7zBjMtVf0eIJle2VZxn
Hotel California,Eagles,40riOy7x9W7GXjyGp4pjAv
When I Need You,Leo Sayer,2TcwEYyydQuEMJwdmSgVLD
Sir Duke,Stevie Wonder,4pNiE4LCVV74vfIBaUHm1b
I'm Your Boogie Man,KC And The Sunshine Band,6mjlbRIgMTf2nqY0kq1rOJ
Dreams,Fleetwood Mac,0ofHAoxe9vBkTCp2UQIavz
Got To Give It Up (Pt. I),Marvin Gaye,7ohR0qPH6f2Vuj2pUNanJG
Gonna Fly Now,Bill Conti,7iXYRR70wewzVYzWScm99j
Undercover Angel,Alan O'Day,1DgW5aYMFM5mAXh7OAoLQe
Da Doo Ron Ron,Shaun Cassidy,0BTjoeNHz0mSjXCZO4hzad
Looks Like We Made It,Barry Manilow,3QqO9FxVrikwo7kS5ls3kQ
I Just Want To Be Your Everything,Andy Gibb,5VMRcR2OmIuK0jQgy6Wbs2
Best Of My Love,The Emotions,2M2WJ7gBlcKNxdhyfPp9zY
Star Wars Theme/Cantina Band,Meco,4MVA30NmvNtpbDon1ZG7mk
You Light Up My Life,Debby Boone,3dFR132gzO8jxD57R2gid3
How Deep Is Your Love,Bee Gees,2JoZzpdeP2G6Csfdq5aLXP
Baby Come Back,Player,41sGGCCoHI2GLV9qadX80A
Stayin' Alive,Bee Gees,3mRM4NM8iO7UBqrSigCQFH
(Love Is) Thicker Than Water,Andy Gibb,2OEIohmLSRsLZnrHmksxJN
Night Fever,Bee Gees,5KgbyD2lQQlIupAaPjgiXg
If I Can't Have You,Yvonne Elliman,6GQLHDE3YwtVUdDcMv8xwf
With A Little Luck,Wings,0wLpW3AwfNicWHef8joJLb
Too Much; Too Little; Too Late,Johnny Mathis/Deniece Williams,23jNwwtRqBSujsMT41gODf
You're The One That I Want,John Travolta & Olivia Newton-John,0B9x2BRHqj3Qer7biM3pU3
Shadow Dancing,Andy Gibb,0tXDpd0SXFiMuqid8EqS7C
Miss You,The Rolling Stones,3hJLKtTpgct9Y9wKww0BiR
Three Times A Lady,Commodores,4ztwMHfPZhPoruZdBbgriM
Grease,Frankie Valli,5Vrczz39CvlD3OGCa6utoA
Boogie Oogie Oogie,A Taste Of Honey,1Rl9GHgsflyIVqBRyO45Zo
Kiss You All Over,Exile,3FGcQkWQlkeB82RdZwlw8V
Hot Child In The City,Nick Gilder,4F1DV1FrB68LNpmlvQs01N
You Needed Me,Anne Murray,5d4E1hgkLyb7sXr5J3InnM
MacArthur Park,Donna Summer,42tYHqMxXxXHAAWqLaoOfQ
You Don't Bring Me Flowers,Barbra Streisand & Neil Diamond,7qmqeHzgNQTOnl1NUgRFO4
Le Freak,Chic,7Kszjzps0xbQXyo1pO4KfE
Too Much Heaven,Bee Gees,6T5GTy1l6dRmagqpNPjdoc
Da Ya Think I'm Sexy?,Rod Stewart,4z7maGZkAonDlXlwo8q69f
I Will Survive,Gloria Gaynor,6fw12s3vAJQAt7lbICodwC
Tragedy,Bee Gees,6UXXeFqMBGiqjkzQzkMT3E
What A Fool Believes,The Doobie Brothers,2yBVeksU2EtrPJbTu4ZslK
Knock On Wood,Amii Stewart,0OUYuErgyc097NzSRff8UI
Heart Of Glass,Blondie,4v2rkl1mC3zVAz0nXMx9r4
Reunited,Peaches & Herb,7wbPfd2mXbStoZZSnHNd2V
Hot Stuff,Donna Summer,2zMJN9JvDlvGP4jB03l1Bz
Love You Inside Out,Bee Gees,73V1mhbDb7K0lqlHB82iN5
Ring My Bell,Anita Ward,7GK2KVYH8FrTC9zehmjVMd
Bad Girls,Donna Summer,1ibRqifchaAfeNdQGpbRVW
Good Times,Chic,2wYKNcoqKW4IEcllj42xz1
My Sharona,The Knack,1HOMkjp0nHMaTnfAkslCQj
Sad Eyes,Robert John,3w3rLh6wmne91BS2rwgcog
Don't Stop 'til You Get Enough,Michael Jackson,46eu3SBuFCXWsPT39Yg3tJ
Rise,Herb Alpert,1TsmHRIXvMTLP7Vu53XsUV
Pop Muzik,M,6z3HAUZpAyJ0ctsbAwAiw3
Heartache Tonight,Eagles,2bzgKuK3pVez40qUvo8sYr
Still,Commodores,2LdtluFBgL8cuSo9nkvJ57
No More Tears (Enough Is Enough),Barbra Streisand/Donna Summer,1wSPm3y4Lk6ABkVxCmwkZx
Babe,Styx,5W7YROOF6bFfBexY81LFjt
Escape (The Pina Colada Song),Rupert Holmes,5IMtdHjJ1OtkxbGe4zfUxQ
Please Don't Go,KC And The Sunshine Band,6dw6BquK0Mv72p6HpusqKN
Rock With You,Michael Jackson,7oOOI85fVQvVnK5ynNMdW7
Do That To Me One More Time,Captain & Tennille,0m4jVVZrsv0bLkAr1uM6UG
Crazy Little Thing Called Love,Queen,35ItUJlMtjOQW3SSiTCrrw
Another Brick In The Wall (Part II),Pink Floyd,4gMgiXfqyzZLMhsksGmbQV
Call Me,Blondie,7HKxTNVlkHsfMLhigmhC0I
Funkytown,Lipps| Inc.,5Q6GRDSFdRwE7H37dQop9u
Coming Up (Live At Glasgow),Paul McCartney And Wings,4Ku6X72Q815qNd7ChuiDdD
It's Still Rock And Roll To Me,Billy Joel,64UioB4Nmwgn2f4cbIpAkl
Magic,Olivia Newton-John,56BSwBKWHYldQOgYLHiehs
Sailing,Christopher Cross,4ogaI0XfmAunA0LyjveMSF
Upside Down,Diana Ross,3pbtBomO4Zt5gGiqsYeiBH
Another One Bites The Dust,Queen,57JVGBtBLCfHw2muk5416J
Woman In Love,Barbra Streisand,1pTGc8pwyo6xtgXBKCBcFn
Lady,Kenny Rogers,5Pj5zrq2nbKcAekH1AxbrO
(Just Like) Starting Over,John Lennon,5y0YreEOnQiKFAnCrcFIXz
The Tide Is High,Blondie,165NAtd2DRPKNQ6EVY0VG9
Celebration,Kool & The Gang,3K7Q9PHUWPTaknlbFPThn2
9 To 5,Dolly Parton,4w3tQBXhn5345eUXDGBWZG
I Love A Rainy Night,Eddie Rabbitt,0zvNHIL7ci0ZzIoWU6RO2u
Keep On Loving You,REO Speedwagon,4rcHWl68ai6KvpXlc8vbnE
Rapture,Blondie,6F2vo4sxRNQ58VYe3pdiaL
Kiss On My List,Daryl Hall John Oates,7cDzJyC95jtGO9zAeZsWOg
Morning Train (Nine To Five),Sheena Easton,1qvDt6W8oaTO9Q4pFNMFEm
Bette Davis Eyes,Kim Carnes,0odIT9B9BvOCnXfS0e4lB5
Medley,Stars On 45,1gQPqkrPZ1RypZvSYEAygs
The One That You Love,Air Supply,3FDAd5vW4P7xe1GBNOLyfD
Jessie's Girl,Rick Springfield,5RsUlxLto4NZbhJpqJbHfN
Endless Love,Diana Ross & Lionel Richie,0rt0dZ11FVsvprbarag5tk
Arthur's Theme (Best That You Can Do),Christopher Cross,5fnOrhQ4KgT5irGCjIccGH
Private Eyes,Daryl Hall John Oates,5HQ639Z3ms3hnZx0KfWnkp
Physical,Olivia Newton-John,4gitetlGHZ9LfuJhwUhEhF
I Can't Go For That (No Can Do),Daryl Hall John Oates,41dDygR3r7e926oGUXfrLt
Centerfold,The J. Geils Band,1ynmMEK1fkyiZ6Z6F3ThEt
I Love Rock 'N Roll,Joan Jett & The Blackhearts,2Cdvbe2G4hZsnhNMKyGrie
Chariots Of Fire - Titles,Vangelis,3zmXCcrMKpGho2sTRZG1Ux
Ebony And Ivory,Paul McCartney And Stevie Wonder,3fVSMbeq8tY3G85yxcJwRU
Don't You Want Me,The Human League,3L7RtEcu1Hw3OXrpnthngx
Eye Of The Tiger,Survivor,2HHtWyy5CgaQbC7XSoOb0e
Abracadabra,The Steve Miller Band,2E2ZVy2fxslpAUgbb4zu84
Hard To Say I'm Sorry,Chicago,07TnWCHrFkvF61GzJuLVt0
Jack & Diane,John Cougar,43btz2xjMKpcmjkuRsvxyg
Who Can It Be Now?,Men At Work,5rfJ2Bq2PEL8yBjZLzouEu
Up Where We Belong,Joe Cocker And Jennifer Warnes,4U6mBgGP8FXN6UH4T3AJhu
Truly,Lionel Richie,7AslBsiVLQAGrmFmi79ZeK
Mickey,Toni Basil,5G9KcZaxfCysfv4EryCB9b
Maneater,Daryl Hall John Oates,7j74lucZ59vqN67Ipe2ZcY
Down Under,Men At Work,3ZZq9396zv8pcn5GYVhxUi
Africa,Toto,2374M0fQpWi3dLnB54qaLX
Baby; Come To Me,Patti Austin A Duet With James Ingram,65bvH7egzl7h9f7uJmqGV4
Billie Jean,Michael Jackson,7J1uxwnxfQLu4APicE5Rnj
Come On Eileen,Dexys Midnight Runners,3MrWxJaD2AT0W9DjWF64Vm
Beat It,Michael Jackson,3BovdzfaX4jb5KFQwoPfAw
Let's Dance,David Bowie,3ix6K4wZY29bCujrSznwFZ
Flashdance...What A Feeling,Irene Cara,3cbV252akVZInSvJk7jAYX
Every Breath You Take,The Police,1JSTJqkT5qHq8MDJnJbRE1
Sweet Dreams (Are Made Of This),Eurythmics,1TfqLAPs4K3s2rJMoCokcS
Maniac,Michael Sembello,0QKfiqpEU4h9ycPSzIFwYe
Tell Her About It,Billy Joel,6kCJMxv445L2okuTiou1fR
Total Eclipse Of The Heart,Bonnie Tyler,7wuJGgpTNzbUyn26IOY6rj
Islands In The Stream,Kenny Rogers Duet With Dolly Parton,6dnco8haegnJYtylV26cBq
All Night Long (All Night),Lionel Richie,4giIdAr7Plyu5LQzBOR4FP
Say Say Say,Paul McCartney And Michael Jackson,1db0gbTSKdRQum8VlbNkiO
Owner Of A Lonely Heart,Yes,0GTK6TesV108Jj5D3MHsYb
Karma Chameleon,Culture Club,2wSAWEYUHkt92X4SBAPqZE
Jump,Van Halen,7N3PAbqfTjSEU1edb2tY8j
Footloose,Kenny Loggins,6W2VbtvMrDXm5vYeB7amkO
Against All Odds (Take A Look At Me Now),Phil Collins,63CHa6rmamv9OsehkRD8oz
Hello,Lionel Richie,0mHyWYXmmCB9iQyK18m3FQ
Let's Hear It For The Boy,Deniece Williams,4VyU9Tg4drTj2mOUZHSK2u
Time After Time,Cyndi Lauper,7o9uu2GDtVDr9nsR7ZRN73
The Reflex,Duran Duran,4sz1Ng2Cgidfqqiy0pNL6R
When Doves Cry,Prince,6sby78fghipoXHQLeeZFFH
Ghostbusters,Ray Parker Jr.,3m0y8qLoznUYi73SUBP8GI
What's Love Got To Do With It,Tina Turner,3ErsOxqe2RmXkR65wkygDz
Missing You,John Waite,1Qrdlkgg9I4J7r3P4kZNwr
Let's Go Crazy,Prince And The Revolution,6FMIVQPZg9cmMY8hPxAacD
I Just Called To Say I Love You,Stevie Wonder,6RNDeRnWsRMjPdNVgupZCs
Caribbean Queen (No More Love On The Run),Billy Ocean,4JEylZNW8SbO4zUyfVrpb7
Wake Me Up Before You Go-Go,Wham!,0ikz6tENMONtK6qGkOrU3c
Out Of Touch,Daryl Hall John Oates,7o67roCVsFiCt7Cf0ZLOJq
Like A Virgin,Madonna,1ZPlNanZsJSPK5h9YZZFbZ
I Want To Know What Love Is,Foreigner,1JLn8RhQzHz3qDqsChcmBl
Careless Whisper,Wham! Featuring George Michael,5WDLRQ3VCdVrKw0njWe5E5
Can't Fight This Feeling,REO Speedwagon,5WwqdeavrQrbeAMDxGawse
One More Night,Phil Collins,6fkvIT9KFKxO8poBeKfaEf
We Are The World,USA For Africa,3Z2tPWiNiIpg8UMMoowHIk
Crazy For You,Madonna,6G7PVlifniapyhDCmWS2VM
Don't You (Forget About Me),Simple Minds,3fH4KjXFYMmljxrcGrbPj9
Everything She Wants,Wham!,5hXEcqQhEjfZdbIZLO8mf2
Everybody Wants To Rule The World,Tears For Fears,4RvWPyQ5RL0ao9LPZeSouE
Heaven,Bryan Adams,7Ewz6bJ97vUqk5HdkvguFQ
Sussudio,Phil Collins,4qM461TqtpnP4GLRIXwEnW
A View To A Kill,Duran Duran,6I4snLrVOrJsLdd43isc27
Everytime You Go Away,Paul Young,0IpfTMKENGLJcULkMnU8Rb
Shout,Tears For Fears,2gQaQUhDCNGfBVXTvxAmXQ
The Power Of Love,Huey Lewis & The News,2olVm1lHicpveMAo4AUDRB
St. Elmo's Fire (Man In Motion),John Parr,1A2PWRltFrX8iB8IP3CUgo
Money For Nothing,Dire Straits,4yqtwO7MQIIXqoiRBPHAgR
Oh Sheila,Ready For The World,5PM96PMKMfD1lLX2lryUsG
Take On Me,a-ha,2WfaOiMkCvy7F5fcp2zZ8L
Saving All My Love For You,Whitney Houston,1lx8ddGT5wCD6W2xmLeRKG
Part-Time Lover,Stevie Wonder,0Dm43YLUlGdePpSbI1ct8h
Miami Vice Theme,Jan Hammer,1biP5gM7Le8S3E7GJEKgXC
We Built This City,Starship,6OnfBiiSc9RGKiBKKtZXgQ
Separate Lives,Phil Collins and Marilyn Martin,6DEFVerhYVJ6ZkPJiPl5Sm
Broken Wings,Mr. Mister,78FHUZRbFDCG6VkRAQdFLm
Say You; Say Me,Lionel Richie,17CPezzLWzvGfpZW6X8XT0
That's What Friends Are For,Dionne & Friends Featuring Elton John| Gladys Knight And Stevie Wonder,1OzrlK57iLTIjmbZC1ppWM
How Will I Know,Whitney Houston,5tdKaKLnC4SgtDZ6RlWeal
Kyrie,Mr. Mister,5BXj1QDRU77J1ngVavG1tI
Sara,Starship,0HzjKCZmFhwcO2vnnHpj9q
These Dreams,Heart,22wWxHGHRH8gZXNDXRgSqY
Rock Me Amadeus,Falco,0DfG1ltJnZyq4Tx3ZLL7ZU
Kiss,Prince And The Revolution,62LJFaYihsdVrrkgUOJC05
Addicted To Love,Robert Palmer,5izGeTxueiFX1UPFGohY9w
West End Girls,Pet Shop Boys,2Di0qFNb7ATroCGB3q0Ka7
Greatest Love Of All,Whitney Houston,6yJxCltgtmGxIgKOS6ndnu
Live To Tell,Madonna,095MMFhB9qxPx2VsmvjnUs
On My Own,Patti LaBelle & Michael McDonald,5HrVgmO1govSOrPUehW1VV
There'll Be Sad Songs (To Make You Cry),Billy Ocean,1mP8BJQBRZWjSQLVmxQEyG
Holding Back The Years,Simply Red,1yg7fwwYmx9DQ2TdXUmfpJ
Invisible Touch,Genesis,0xpBr84T3FTm9j4D1MdPtk
Sledgehammer,Peter Gabriel,4AUS8KNz7zX8XFu9L38GT0
"Glory Of Love (Theme From ""The Karate Kid Part II"")",Peter Cetera,1eyq8cjUQ2daFthW2PC2GM
Papa Don't Preach,Madonna,6A8OnjnpShshNpcqWtZRjr
Higher Love,Steve Winwood,4ZExvJvQXPEeYzGU0N3THi
Venus,Bananarama,4XX1pFUkQOZTYp6Hb6a6Ae
"Take My Breath Away (Love Theme From ""Top Gun"")",Berlin,15MJ5NThPjj6xhPcts8MiY
Stuck With You,Huey Lewis & The News,2cFl7utlqyZjCXN1G5nRvA
When I Think Of You,Janet Jackson,3mJ6pNcFM2CkykCYSREdKT
True Colors,Cyndi Lauper,2A6yzRGMgSQCUapR2ptm6A
Amanda,Boston,4gpext9x0CbdD9NWaa4nDj
Human,The Human League,1JQnfjrA01XFf6MVNMkQu2
You Give Love A Bad Name,Bon Jovi,0rmGAIH9LNJewFw7nKzZnc
The Next Time I Fall,Peter Cetera With Amy Grant,7zSDDsIlks515d0tZGM64x
The Way It Is,Bruce Hornsby & The Range,6V50MyHPGhEmwYu0Wdyf0t
Walk Like An Egyptian,The Bangles,1Jwc3ODLQxtbnS8M9TflSP
Shake You Down,Gregory Abbott,7wQ9alB79WZb0F5gFLbxSh
At This Moment,Billy Vera & The Beaters,2ys7ertrMVHK0z1oTj1Ujv
Open Your Heart,Madonna,3kme5Qos8h04yrKxsgur79
Livin' On A Prayer,Bon Jovi,37ZJ0p5Jm13JPevGcx4SkF
Jacob's Ladder,Huey Lewis & The News,0huRoriGPIi0vSHFV2f3C9
Lean On Me,Club Nouveau,28sxgM4sBLWbHq9KbOLuE8
Nothing's Gonna Stop Us Now,Starship,3X7uFMzJrEE0sxn62qd8Ch
I Knew You Were Waiting (For Me),Aretha Franklin & George Michael,2gJDyiRxxIglLXp545SPVL
(I Just) Died In Your Arms,Cutting Crew,4ByEFOBuLXpCqvO1kw8Wdm
With Or Without You,U2,6ADSaE87h8Y3lccZlBJdXH
You Keep Me Hangin' On,Kim Wilde,1wEeNtO7z41aUqC80shxqK
Always,Atlantic Starr,5ecomU85GzPgOJZ315oZ88
Head To Toe,Lisa Lisa And Cult Jam,5VzqFMyPERPObMOzZdELuK
I Wanna Dance With Somebody (Who Loves Me),Whitney Houston,2tUBqZG2AbRi7Q0BIrVrEj
Alone,Heart,54b8qPFqYqIndfdxiLApea
"Shakedown (From ""Beverly Hills Cop II"")",Bob Seger,303oOLP2Jf6M4rke52qItM
I Still Haven't Found What I'm Looking For,U2,6wpGqhRvJGNNXwWlPmkMyO
Who's That Girl,Madonna,3G0NNqwQ1sqRpySr6soHlH
La Bamba,Los Lobos,0uMMLry3hzWGn3q3loqMkm
I Just Can't Stop Loving You,Michael Jackson With Siedah Garrett,2fytePz8UsbUr8n33QBEcm
Didn't We Almost Have It All,Whitney Houston,19wadMw1A8XejDV4p5wMt1
Here I Go Again,Whitesnake,1qOU8KzFifXE9YrgjVwYvc
Lost In Emotion,Lisa Lisa And Cult Jam,3zsyZzMZiKlFiiW1VnerX9
Bad,Michael Jackson,5lWFrW5T3JtxVCLDb7etPu
I Think We're Alone Now,Tiffany,4uvjOKsp7mSjrDhWdkLPBY
Mony Mony,Billy Idol,2LbkpJUH052AvFcNIgjHTO
(I've Had) The Time Of My Life,Bill Medley & Jennifer Warnes,6W7ztLBiRzBN46ZaPAcQ0F
Heaven Is A Place On Earth,Belinda Carlisle,3EvpaRZkKWxsgDIO2zMH7g
Faith,George Michael,0HEmnAUT8PHznIAAmVXqFJ
So Emotional,Whitney Houston,4l2Edgdj4vla02GCh7YyAv
Got My Mind Set On You,George Harrison,4wswaG5vmNINMZcVBsAyBP
The Way You Make Me Feel,Michael Jackson,76HKOVWqsEg26SECtmw7Rz
Need You Tonight,INXS,5eU8qMd0TpaLqTGDZJaLDs
Could've Been,Tiffany,1xvGuRbLxTkpb5UdUG7HME
Seasons Change,Expose,4b2qn7YRQkVAsbC8pWa7yn
Father Figure,George Michael,0L0T4tMAaGqLgIVj1MOj9t
Never Gonna Give You Up,Rick Astley,4PTG3Z6ehGkBFwjybzWkR8
Man In The Mirror,Michael Jackson,1kiNatIrwDusOZfR29W0LJ
Get Outta My Dreams; Get Into My Car,Billy Ocean,2D4D3hiOf5U0W6SvJoCQph
Where Do Broken Hearts Go,Whitney Houston,7tLtIZclwLWk54PFAyDv5T
Wishing Well,Terence Trent D'Arby,2bvzxeD1hPWEYotw40Euq9
Anything For You,Gloria Estefan & Miami Sound Machine,3EIodfe9XNJJCq9dIYg3ng
One More Try,George Michael,5932kbyNt445gDTT2chRUS
Together Forever,Rick Astley,00isIFJWVpXIQ8HkGICSQp
Foolish Beat,Debbie Gibson,0KhiesN7gLBPEQhKsBmrI1
Dirty Diana,Michael Jackson,6JZYMxvcoeLD4IifJPvDux
The Flame,Cheap Trick,528CAH5pTLq86oZ52fHifA
Hold On To The Nights,Richard Marx,3F2YXxSOC9dPmxXdrh6mYl
Roll With It,Steve Winwood,2QlPByrmEO9XciNBXCrawR
Monkey,George Michael,2nzPzkGP9QSZ1lqvXTfyzT
Sweet Child O' Mine,Guns N' Roses,7snQQk1zcKl8gZ92AnueZW
"Don't Worry; Be Happy (From ""Cocktail"")",Bobby McFerrin,4hObp5bmIJ3PP3cKA9K9GY
Love Bites,Def Leppard,3Dfy8YIxq89i84t108TvMi
Red Red Wine,UB40,4uOKFydzAejjSFqYbv1XPt
Groovy Kind Of Love,Phil Collins,3BSi5qoJGLab7rn7zfmTPA
"Kokomo (From""Cocktail"" )",The Beach Boys,5qHYXcVvc9xsFB2uH7GpMN
Wild; Wild West,The Escape Club,4Qn1QhHhUT01LfpBnC7xnf
Bad Medicine,Bon Jovi,72hcFp4tYkd3dbNA9dZ3Pv
Baby; I Love Your Way/Freebird Medley,Will To Power,7zMMs6D2XAx1kPlM2ibFc8
Look Away,Chicago,2dEVFDQ9Z9Gyl73yhoKl65
Every Rose Has Its Thorn,Poison,43GS3mtezoIFiuIZCLLiDY
My Prerogative,Bobby Brown,0v9kGNjkKdQUdDoBIuiph4
Two Hearts,Phil Collins,0vDSWxRlWN0LWsSQdGIPuE
When I'm With You,Sheriff,3RJof5CojqlbgZ5adHw50O
Straight Up,Paula Abdul,5xl5582IihbEZAnfj0xyso
Lost In Your Eyes,Debbie Gibson,6PMDILZiYo4YzMBbE0dGK9
The Living Years,Mike + The Mechanics,7tJnjRY2js0yXtNUWE4fgF
Eternal Flame,The Bangles,4xiaE15ARCs5CVPA6J8gmC
The Look,Roxette,79LdvxXi5JYUjhnO7v9Fi3
She Drives Me Crazy,Fine Young Cannibals,4d6eqRtpDX7tydHJGDZUBQ
Like A Prayer,Madonna,1z3ugFmUKoCzGsI6jdY4Ci
I'll Be There For You,Bon Jovi,07HqIg8BnB1lJElnw2ZiSR
Forever Your Girl,Paula Abdul,0lmS0Wofcv7B7uFYssSKta
"Rock On (From ""Dream A Little Dream"")",Michael Damian,6e3O5XkMEhMAatdKnOlZPh
"Wind Beneath My Wings (From ""Beaches"")",Bette Midler,2Pxqs0WmxxHTV5QaTdmt3Q
I'll Be Loving You (Forever),New Kids On The Block,1cy5US2dffz6QGBAIzOGkq
Satisfied,Richard Marx,4V87hYB94wu8DFtd901riK
Baby Don't Forget My Number,Milli Vanilli,3t4EJY6cTsb6FyP1EQzajK
Good Thing,Fine Young Cannibals,6lRkdG1HurVS72F9GoBeWJ
If You Don't Know Me By Now,Simply Red,7DFawVSjI88xR9mjnWwURg
Toy Soldiers,Martika,4jh9olf0OKCokpzxSyLeJx
"Batdance (From ""Batman"")",Prince,4DbUk1qwcz9KKcUY4t8f8u
Right Here Waiting,Richard Marx,4LFwNJWoj74Yd71fIr1W8x
Cold Hearted,Paula Abdul,6jrp8qBMJO6vhAeYVAsdk9
Hangin' Tough,New Kids On The Block,16flEBCtUF67V5yO0GxYWn
Don't Wanna Lose You,Gloria Estefan,4tEpvocDTdNVR9DYxnJTFy
Girl I'm Gonna Miss You,Milli Vanilli,122vb6LtwACmfBIWpwmN1w
Miss You Much,Janet Jackson,4r5VaK6H1bq0cTGPMTN97Z
Listen To Your Heart,Roxette,1qIKynV6YQZgocodkPdCy7
When I See You Smile,Bad English,0tKjVEJlX3IZ5L1rEJc5hh
Blame It On The Rain,Milli Vanilli,0UUpyDCYzkziXJ1TM4awHM
We Didn't Start The Fire,Billy Joel,3Cx4yrFaX8CeHwBMReOWXI
Another Day In Paradise,Phil Collins,1NCuYqMc8hKMb4cpNTcJbD
How Am I Supposed To Live Without You,Michael Bolton,3RMeOetCdXttthQK0clPuz
Opposites Attract,Paula Abdul (Duet With The Wild Pair),7z38bideBRvGAgjXe2SECm
Escapade,Janet Jackson,5HAv1Ckfe50DUjv8ghwTrz
Black Velvet,Alannah Myles,1KU5EHSz04JhGg3rReGJ0N
Love Will Lead You Back,Taylor Dayne,3HLgjHYaEhKFvV4SSvI9Te
I'll Be Your Everything,Tommy Page,4K0fYuC7qJx5P7Yh0Ch2zo
Nothing Compares 2 U,Sinead O'Connor,5GHY1DFWKz3Prg2V0Iodqo
Vogue,Madonna,27QvYgBk0CHOVHthWnkuWt
Hold On,Wilson Phillips,4VZDv8sASBS8UruUBGTFdk
"It Must Have Been Love (From ""Pretty Woman"")",Roxette,6kvoHl80mfCVTv7XnZkjQn
Step By Step,New Kids On The Block,6J6RWKCPN5RFKHUKEUFjxS
She Ain't Worth It,Glenn Medeiros Featuring Bobby Brown,3Mn0WiIUimQrekCDxzaCGV
Vision Of Love,Mariah Carey,0gLQ6jhJsyYfl7PrD1RZ7X
If Wishes Came True,Sweet Sensation,5gAdATsfINRIljv4LbrKX2
"Blaze Of Glory (From ""Young Guns II"")",Jon Bon Jovi,1sUTfgduT0WIQO8kXKXxLC
Release Me,Wilson Phillips,1rIy3lkFJnMsTLZpxFmYU8
(Can't Live Without Your) Love And Affection,Nelson,3JjY2L2bqql54j1SjnjQ23
Close To You,Maxi Priest,33I3oS8UkebR3KRvqxD9X0
Praying For Time,George Michael,72LKSYwvDYp9acfM5TEgBK
I Don't Have The Heart,James Ingram,5In7xBveNACCRX2uWNoPuW
Black Cat,Janet Jackson,4tYpYYoOI7WDxbCnPninwE
Ice Ice Baby,Vanilla Ice,3XVozq1aeqsJwpXrEZrDJ9
Love Takes Time,Mariah Carey,48l7PNpT2fBoT4cdLW6EzP
I'm Your Baby Tonight,Whitney Houston,3SmPl0CGxvvkQCrTv7edEE
Because I Love You (The Postman Song),Stevie B,31KFfR180bYoPqqy671tXm
Justify My Love,Madonna,6NBGabiAuQklrfkufcOqlN
Love Will Never Do (Without You),Janet Jackson,1SkJ8HjZUZRPYT3R2rh5sA
The First Time,Surface,60Iwu57QTP1EyEiy3tf2nB
Gonna Make You Sweat (Everybody Dance Now),C+C Music Factory,7eheoW4hxrH51ww2QePVwF
All The Man That I Need,Whitney Houston,07M76e7IXxYdnC1BBiJxEX
Someday,Mariah Carey,6TSM5vkz0WzyZsNAKKYDcw
One More Try,Timmy T.,2drQ6wg2hdl6RDslarifh8
Coming Out Of The Dark,Gloria Estefan,5x9MJycRilBm2SNavzt9yF
I've Been Thinking About You,Londonbeat,02KLiEs31kxh1krQJezlTL
You're In Love,Wilson Phillips,5KNbCF0FpIWuPE8x6bhGgw
Baby Baby,Amy Grant,3IDsegNBHC4pjGCOMTQYlU
Joyride,Roxette,4wj8ppW6nJ5hYlgfeJNBn2
I Like The Way (The Kissing Game),Hi-Five,0u16RbrSY7DWF3WAr0aaZ3
I Don't Wanna Cry,Mariah Carey,1hFtJ5rV3aAm58ErijHdFO
More Than Words,Extreme,1gVgkQFOKa8Wc1HYsJtPdH
Rush Rush,Paula Abdul,015qd1I4v00JIoK7yOUgKC
Unbelievable,EMF,5VYTKiOnHw4iTrB9pG3yum
(Everything I Do) I Do It For You,Bryan Adams,6eBK3edMW7bEzecF1eCezc
The Promise Of A New Day,Paula Abdul,5m8xVZhlM7E2mL9uuxZpF6
I Adore Mi Amor,Color Me Badd,05R2lE5g9hnaSmxIrUl3C0
Good Vibrations,Marky Mark & The Funky Bunch Featuring Loleatta Holloway,5hWdgGVcfTeLPAiHM6EZG9
Emotions,Mariah Carey,0cELvuwJW1acISUHYB6suj
Romantic,Karyn White,1eDCizNe4EQMj7okkjIeXo
Cream,Prince And The N.P.G.,4QnjK45IBBZRVRWTEeZ3T8
When A Man Loves A Woman,Michael Bolton,3ascnOSOR5MX901ylGuhcl
Set Adrift On Memory Bliss,P.M. Dawn,1n00Xu0vbe6jUaR3df4hqX
Black Or White,Michael Jackson,7EsjkelQuoUlJXEw7SeVV4
All 4 Love,Color Me Badd,4XmsMIMjvDIFEjeY3ycMzW
Don't Let The Sun Go Down On Me,George Michael/Elton John,6Zkulfbv0ebe7tukkftvd1
I'm Too Sexy,Right Said Fred,1MQrMQwfqjgOjXEUaN9AMd
To Be With You,Mr. Big,0eifvmNPHWaSh4IKNR4Xva
Save The Best For Last,Vanessa Williams,7okbmgA8lRBGl5limZ7LFM
Jump,Kris Kross,27AHAtAirQapVldIm4c9ZX
I'll Be There,Mariah Carey,5t1OvYkhjQzWrxlE3UcDb6
Baby Got Back,Sir Mix-A-Lot,1SAkL1mYNJlaqnBQxVZrRl
This Used To Be My Playground,Madonna,637V2ymBt4Ljlbz4EmRys8
"End Of The Road (From ""Boomerang"")",Boyz II Men,3l3xTXsUXeWlkPqzMs7mPD
How Do You Talk To An Angel,The Heights,2QVHmiFTjFsHyxONRdbkcq
I Will Always Love You,Whitney Houston,4eHbdreAnSOrDDsFfc4Fpm
A Whole New World (Aladdin's Theme),Peabo Bryson & Regina Belle,4tS8xQfyPGc7f4lJ1JP6BX
Informer,Snow,2LjiPAQOVazT8sRyXL3XRs
Freak Me,Silk,5CdJveJgiGXoGwDFqF6afp
That's The Way Love Goes,Janet Jackson,29rQJydAlO0uMyWvRIZxQg
Weak,SWV,71EHOyEOhNx1SzTebRRyng
"Can't Help Falling In Love (From ""Sliver"")",UB40,7ojJ4XvqBhBcteM0zjMebT
Dreamlover,Mariah Carey,5m9aremBVDMMMAP1tfFCbx
I'd Do Anything For Love (But I Won't Do That),Meat Loaf,391CwgcBxvUHmEKda2b5In
Again,Janet Jackson,0IaMMHVbpJ0LrRAeigWOXr
Hero,Mariah Carey,5mgCMlxQW7fmHbrdJuowbB
All For Love,Bryan Adams/Rod Stewart/Sting,0dkeKH0PsiIFQJh8tmjPTF
The Power Of Love,Celine Dion,5kK1Iru9ogP3Iy1zsANU1n
The Sign,Ace Of Base,0hrBpAOgrt8RXigk83LLNE
Bump N' Grind,R. Kelly,0DBIL8arX0Zo6eAuxNIpik
I Swear,All-4-One,4WUnM4KNZ0kjp0CUeoyOnS
"Stay (I Missed You) (From ""Reality Bites"")",Lisa Loeb & Nine Stories,73QZwkXJa4BXj0Lbh82jxA
I'll Make Love To You,Boyz II Men,61sQYdFNS6sEBYCyr1q5gn
On Bended Knee,Boyz II Men,7MYmo0JJJDmu4MZTSAF9y3
"Here Comes The Hotstepper (From ""Ready To Wear"")",Ini Kamoze,3QRM0qZB7oMYavveH0iEqx
Creep,TLC,1aWV3uY3SIEZVbmv45oFWS
Take A Bow,Madonna,5oqukcHWfqq7HGjyKwLX1y
This Is How We Do It,Montell Jordan,6uQKuonTU8VKBz5SHZuQXD
Have You Ever Really Loved A Woman?,Bryan Adams,32Gf5A7Hr8RdgggXG0Fdks
Waterfalls,TLC,6qspW4YKycviDFjHBOaqUY
Kiss From A Rose,Seal,3YKptz29AsOlm7WAVnztBh
You Are Not Alone,Michael Jackson,3AoeaZs8dFemFJr3JdzOL0
"Gangsta's Paradise (From ""Dangerous Minds"")",Coolio Featuring L.V.,1DIXPcTDzTj8ZMHt3PDt8p
Fantasy,Mariah Carey,6xkryXuiZU360Lngd4sx13
"Exhale (Shoop Shoop) (From ""Waiting To Exhale"")",Whitney Houston,1X3ypzPnyerpZuMqrDFK29
One Sweet Day,Mariah Carey & Boyz II Men,7ySbfLwdCwl1EM0zNCJZ38
"Because You Loved Me (From ""Up Close & Personal"")",Celine Dion,28UMiBhn383n9S7GL4tsxD
Always Be My Baby,Mariah Carey,2aBxt229cbLDOvtL7Xbb9x
Tha Crossroads,Bone Thugs-N-Harmony,5KSJ9k1FYjFLnIRlJT2wF8
How Do U Want It/California Love,2Pac Featuring K-Ci And JoJo,2S2x5N5VJNn7vqYukvoFFC
You're Makin' Me High/Let It Flow,Toni Braxton,5bJ796cOnGBzSN5bm4mwMj
Macarena (Bayside Boys Mix),Los Del Rio,4oaj36KzXRgDg4McgcTsZK
No Diggity,BLACKstreet (Featuring Dr. Dre),6MdqqkQ8sSC0WB4i8PyRuQ
Un-Break My Heart,Toni Braxton,5Ihd9HrPvOADyVoonH9ZjB
Wannabe,Spice Girls,1Je1IMUlBXcx1Fz0WE7oPT
Can't Nobody Hold Me Down,Puff Daddy (Featuring Mase),1EM23A621Z0QyTlWKu7T1l
Hypnotize,The Notorious B.I.G.,7KwZNVEaqikRSBSpyhXK2j
MMMBop,Hanson,0lnxrQAd9ZxbhBBe7d8FO8
I'll Be Missing You,Puff Daddy & Faith Evans Featuring 112,3QHONiXGMGU3z68mQInncF
Mo Money Mo Problems,The Notorious B.I.G. Featuring Puff Daddy & Mase,4INDiWSKvqSKDEu7mh8HFz
Honey,Mariah Carey,5NaOWLOmVjcA3M5spRATN9
4 Seasons Of Loneliness,Boyz II Men,027tq4cWr0kRxLTfdxvM1L
Candle In The Wind 1997/Something About The Way You Look Tonight,Elton John,1L9fzw2pXprOqtemTwtxXF
Truly Madly Deeply,Savage Garden,2ntpyUU3itxHWcJnOJmVic
Together Again,Janet,1aJnGme5ZRltYTp8FJ52eZ
Nice & Slow,Usher,5L0KDoZklMgs9GPoonneEl
My Heart Will Go On,Celine Dion,33LC84JgLvK2KuW43MfaNq
Gettin' Jiggy Wit It,Will Smith,0weAUscowxeqDtpCgtbpgp
All My Life,K-Ci & JoJo,5GorFaKkP2mLREQvhSblIg
Too Close,Next,5IFCyWplye09HytIP80RCF
My All,Mariah Carey,3RSpK5Y0y5tl25qvssrwJ6
The Boy Is Mine,Brandy & Monica,6sHsXIJoEN5JpdkGMQDJxt
I Don't Want To Miss A Thing,Aerosmith,5qlJg0Wbj3sslxfwiaRNpq
The First Night,Monica,5rWzxloNXvbRPhlC1O2b6T
One Week,Barenaked Ladies,29hBRadFZf9QTGRHZmxm65
Doo Wop (That Thing),Lauryn Hill,0uEp9E98JB5awlA084uaIg
Lately,Divine,0cv9WHEizHUkZAo0kXorgA
I'm Your Angel,R. Kelly & Celine Dion,0QWFiyhOqFu9RP8qzP6z5L
Have You Ever?,Brandy,6tBD4yjOf9P8rWwUlXdJFm
...Baby One More Time,Britney Spears,3MjUtNVVq3C8Fn0MP3zhXa
Angel Of Mine,Monica,1AM1o0mKbgAK5oMpY8B3Z7
Believe,Cher,2goLsvvODILDzeeiT4dAoR
No Scrubs,TLC,1KGi9sZVMeszgZOWivFpxs
Livin' La Vida Loca,Ricky Martin,0Ph6L4l8dYUuXFmb71Ajnd
If You Had My Love,Jennifer Lopez,3x4yV0hW5Ve3TKhFkXSqFn
Bills; Bills; Bills,Destiny's Child,1Oi2zpmL81Q0yScF1zxaC0
Wild Wild West,Will Smith Featuring Dru Hill & Kool Mo Dee,5AMvBCtX2rspUdoeJ9IsPN
Genie In A Bottle,Christina Aguilera,11mwFrKvLXCbcVGNxffGyP
Bailamos,Enrique Iglesias,1ySwd43oWXbrytN2BD0Mhb
Unpretty,TLC,0BUoLE4o9eVahDHvTqak67
Heartbreaker,Mariah Carey Featuring Jay-Z,0jsANwwkkHyyeNyuTFq2XO
Smooth,Santana Featuring Rob Thomas,2pX4FpOgwItRVPPUFdRcxA
What A Girl Wants,Christina Aguilera,5bGmuxShUba9maPswDnhCs
I Knew I Loved You,Savage Garden,6nozDLxeL0TE4MS9GqYU1v
Thank God I Found You,Mariah Carey Featuring Joe & 98 Degrees,1RS3LStQYhju50eBdD9Uul
Amazed,Lonestar,6qc34bnVOyqGDPni8H5W0U
Say My Name,Destiny's Child,7H6ev70Weq6DdpZyyTmUXk
Maria Maria,Santana Featuring The Product G&B,3XKIUb7HzIF1Vu9usunMzc
Try Again,Aaliyah,0EvX3wUXm0Xds8ZTA7oXOJ
Be With You,Enrique Iglesias,2N4viTG9njqCa4c46YyWs1
Everything You Want,Vertical Horizon,4cKGldbhGJniI8BrB3K6tb
Bent,matchbox twenty,6fA7akEuTUL3dW1V0GELaZ
It's Gonna Be Me,*NSYNC,2AW37v0bDyuOzGP3XnmFuA
Incomplete,Sisqo,3w8Mw9GHYepoTWOSdiyosj
Doesn't Really Matter,Janet,0ekdT3jOhn3LinWtqHhmsw
Music,Madonna,6WzRpISELf3YglGAh7TXcG
Come On Over Baby (All I Want Is You),Christina Aguilera,7A0apkTSTvMbSI7yplcmlh
With Arms Wide Open,Creed,0eKyHwckh9vQb8ncZ2DXCs
Independent Women Part I,Destiny's Child,69XUpOpjzDKcfdxqZebGiI
It Wasn't Me,"Shaggy Feat. Ricardo ""RikRok"" Ducent",3WkibOpDF7cQ5xntM1epyf
Ms. Jackson,OutKast,0I3q5fE6wg7LIfHGngUTnV
Stutter,Joe Featuring Mystikal,7FWuzwapuKHTEyDJIcQOw3
Butterfly,Crazy Town,4BggEwLhGfrbrl7JBhC8EC
Angel,Shaggy Featuring Rayvon,7FDV5ELOJHCGLe52AnttEd
All For You,Janet,5X8kkUaUlAyAUr9TYqDFTH
Lady Marmalade,Christina Aguilera| Lil' Kim| Mya & P!nk,0PSZ9G584Ve27GK6ThlY6P
U Remind Me,Usher,2QsZVnbWVSjKMXK6K3uRBL
Bootylicious,Destiny's Child,41nT1Sp6ChR65FbsdLlFHW
Fallin',Alicia Keys,0KQx6HOpJueiSkztcS0r7D
I'm Real,Jennifer Lopez Featuring Ja Rule,6MLsahMK3VvH9NUwXOktdS
Family Affair,Mary J. Blige,3aw9iWUQ3VrPQltgwvN9Xu
U Got It Bad,Usher,7J41dYQolQJEtj3UmKLu5r
How You Remind Me,Nickelback,0gmbgwZ8iqyMPmXefof8Yf
Always On Time,Ja Rule Featuring Ashanti,2hNf1rawV2XAZ6Jld2Fxwf
Ain't It Funny,Jennifer Lopez Featuring Ja Rule,5ahFyKndeg1hqfmNumL3WF
Foolish,Ashanti,6zMUIb4uce1CzpbjR3vMdN
Hot In Herre,Nelly,04KTF78FFg8sOHC1BADqbY
Dilemma,Nelly Featuring Kelly Rowland,0ARK753YaiJbpLUk7z5yIM
A Moment Like This,Kelly Clarkson,4kvdX9zzsix7jYHsRVkVUH
Lose Yourself,Eminem,5Z01UMMf7V1o0MzF86s6WJ
Bump; Bump; Bump,B2K & P. Diddy,6FTJuZtQZvmPPRFmrcno9J
All I Have,Jennifer Lopez Featuring LL Cool J,3kgutGd839IOYRl6ekeq6V
In Da Club,50 Cent,4RY96Asd9IefaL3X4LOLZ8
Get Busy,Sean Paul,6bK9BH9Ts8Gj5JFvnQkzak
21 Questions,50 Cent Featuring Nate Dogg,41bIQPBE1lFN0mmw6Lmssz
This Is The Night,Clay Aiken,2xnVdRMaQBkRfZyefKC2ec
Crazy In Love,Beyonce Featuring Jay Z,5IVuqXILoxVWvWEPm82Jxr
Shake Ya Tailfeather,Nelly| P. Diddy & Murphy Lee,4TJduXYW1Pg96EDNnfiwxJ
Baby Boy,Beyonce Featuring Sean Paul,4WY3HyGXsWqjFRCVD6gnTe
Stand Up,Ludacris Featuring Shawnna,2CtCwQhY0ZLvr8L2l8Bo6e
Hey Ya!,OutKast,2PpruBYCo4H7WOBJ7Q2EwM
The Way You Move,OutKast Featuring Sleepy Brown,5z7mYFfhw6N6f23VwrokJD
Slow Jamz,Twista Featuring Kanye West & Jamie Foxx,3A4cpTBPaIQdtPFb5JxtaX
Yeah!,Usher Featuring Lil Jon & Ludacris,5rb9QrpfcKFHM1EUbSIurX
Burn,Usher,7z3N2W7Xz1t2G2sAO8wFVH
I Believe,Fantasia,2zZJnAlhgvW6DERn1tu3fb
Confessions Part II,Usher,7wBThXx7BGZHJJ3aN3OPvv
Slow Motion,Juvenile Featuring Soulja Slim,6ihObRBTB8xdSH2mlERtOX
Lean Back,Terror Squad,2Ozc0me9PV5vlt8cokwdvI
Goodies,Ciara Featuring Petey Pablo,3dFwpxh2yH7C7p9BGEKLVB
My Boo,Usher And Alicia Keys,68vgtRHr7iZHpzGpon6Jlo
Drop It Like It's Hot,Snoop Dogg Featuring Pharrell,2NBQmPrOEEjA8VbeWOQGxO
Let Me Love You,Mario,5WphWTUIfRe7x8NZss79cY
Candy Shop,50 Cent Featuring Olivia,5D2mYZuzcgjpchVY1pmTPh
Hollaback Girl,Gwen Stefani,0LzrhCZFXW94Y8nwtTuRlw
We Belong Together,Mariah Carey,3LmvfNUQtglbTrydsdIqFU
Inside Your Heaven,Carrie Underwood,3w8xlZi49MQuQkyyB5bi5e
Gold Digger,Kanye West Featuring Jamie Foxx,1PS1QMdUqOal0ai3Gt7sDQ
Run It!,Chris Brown,7xYnUQigPoIDAMPVK79NEq
Don't Forget About Us,Mariah Carey,1HkVSmzBbdZ5Bzdd00IZgh
Laffy Taffy,D4L,2ajhenDRiiAnCHHjsIOHhJ
Grillz,Nelly Featuring Paul Wall| Ali & Gipp,0l7DPAKQVayEz9FXC9di2e
Check On It,Beyonce Featuring Slim Thug,2RWxrpsFshOBFwRBRstUlQ
You're Beautiful,James Blunt,0vg4WnUWvze6pBOJDTq99k
So Sick,Ne-Yo,6brl7bwOHmGFkNw3MBqssT
Temperature,Sean Paul,0k2GOhqsrxDTAbFFSdNJjT
Bad Day,Daniel Powter,0mUyMawtxj1CJ76kn9gIZK
SOS,Rihanna,30cSNer6TV8x2utjULVeQ5
Ridin',Chamillionaire Featuring Krayzie Bone,3kZoay4ANo86ehb6s4RwS9
Hips Don't Lie,Shakira Featuring Wyclef Jean,3ZFTkvIE7kyPt6Nu3PEa7V
Do I Make You Proud,Taylor Hicks,2jv9Ppwz9u3lqWfXV0q2sW
Promiscuous,Nelly Furtado Featuring Timbaland,2gam98EZKrF9XuOkU13ApN
London Bridge,Fergie,7jRoWfRlLnGYEIEn4t4kbq
SexyBack,Justin Timberlake,0O45fw2L5vsWpdsOdXwNAR
Money Maker,Ludacris Featuring Pharrell,2JpUkUR0OsOlUUfm6iS8ic
My Love,Justin Timberlake Featuring T.I.,4NeOWqHmlrGRuBvsLJC9rL
I Wanna Love You,Akon Featuring Snoop Dogg,0CXVjQI9wsqaGeIARkkpYc
Irreplaceable,Beyonce,6RX5iL93VZ5fKmyvNXvF1r
Say It Right,Nelly Furtado,2aI21FnmY7TJVKeMaoQZ0t
What Goes Around...Comes Around,Justin Timberlake,3pD0f7hSJg2XdQ6udw5Tey
This Is Why I'm Hot,Mims,0AA6zq5ArZ1sSH7VIMi4NK
Glamorous,Fergie Featuring Ludacris,4KTtYhxFtFL7mBwnjkKfLm
Don't Matter,Akon,7I6DceMT3utDOHjcYCbrr4
Give It To Me,Timbaland Featuring Nelly Furtado & Justin Timberlake,0wbDgMuAoy7O7pL3a69uZx
Girlfriend,Avril Lavigne,45hOioMDJktr86iKDHC8gr
Makes Me Wonder,Maroon 5,1lHXlGlve5Zx8tXLhyjDwM
Buy U A Drank (Shawty Snappin'),T-Pain Featuring Yung Joc,1tkMs9wDPknQ3ZHcKDw1ES
Umbrella,Rihanna Featuring Jay-Z,2yPoXCs7BSIUrucMdK5PzV
Hey There Delilah,Plain White T's,4RCWB3V8V0dignt99LZ8vH
Beautiful Girls,Sean Kingston,1hGy2eLcmC8eKx7qr1tOqx
Big Girls Don't Cry,Fergie,4AniPkv5vgdE1n6VKreiyI
Crank That (Soulja Boy),Soulja Boy Tell'em,66TRwr5uJwPt15mfFkzhbi
Stronger,Kanye West,0j2T0R9dR9qdJYsB7ciXhf
Kiss Kiss,Chris Brown Featuring T-Pain,3wKKkGVn7cVSfgPeYYIiXG
No One,Alicia Keys,0mZ5GyrHG908lqrHaTw4hi
Low,Flo Rida Featuring T-Pain,0CAfXk7DXMnon4gLudAp7J
Love In This Club,Usher Featuring Young Jeezy,5j0McHPthKpOXRr3fBq8M0
Bleeding Love,Leona Lewis,7wZUrN8oemZfsEd1CGkbXE
Touch My Body,Mariah Carey,2aEuXA1KswHlCGPOuPmCOW
Lollipop,Lil Wayne Featuring Static Major,1pm7lQGl6mvKWDxesZTVFp
Take A Bow,Rihanna,3goSVuTt3fDYDP6kRnFwuL
Viva La Vida,Coldplay,1mea3bSkSGXuIRvnydlB5b
I Kissed A Girl,Katy Perry,005lwxGU1tms6HGELIcUv9
Disturbia,Rihanna,2VOomzT6VavJOGBeySqaMc
Whatever You Like,T.I.,1IAzD1muglOxOcPbUHs70R
So What,P!nk,0JiY190vktuhSGN6aqJdrt
Live Your Life,T.I. Featuring Rihanna,3jlbL2OTD5YmIunYzgQTAN
Womanizer,Britney Spears,4fixebDZAVToLbUCuEloa2
Single Ladies (Put A Ring On It),Beyonce,2ZBNclC5wm4GtiWaeh0DMx
Just Dance,Lady Gaga Featuring Colby O'Donis,2x7MyWybabEz6Y6wvHuwGE
My Life Would Suck Without You,Kelly Clarkson,4Dm32oO01YpIubCHaAtKkN
Crack A Bottle,Eminem| Dr. Dre & 50 Cent,4dK00wCxlqWEeN8BoM1BHT
Right Round,Flo Rida,3GpbwCm3YxiWDvy29Uo3vP
Poker Face,Lady Gaga,5R8dQOPq8haW94K7mgERlO
Boom Boom Pow,The Black Eyed Peas,3opVsyWVYEAFK9bJAG8Opa
I Gotta Feeling,The Black Eyed Peas,2H1047e0oMSj10dgp7p2VG
Down,Jay Sean Featuring Lil Wayne,6cmm1LMvZdB5zsCwX5BjqE
3,Britney Spears,6pymOcrCnMuCWdgGVTvUgP
Fireflies,Owl City,3DamFFqW32WihKkTVlwTYQ
Whatcha Say,Jason Derulo,67T6l4q3zVjC5nZZPXByU8
Empire State Of Mind,Jay-Z + Alicia Keys,2igwFfvr1OAGX9SKDCPBwO
TiK ToK,Ke$ha,0HPD5WQqrq7wPWR7P7Dw1i
Imma Be,The Black Eyed Peas,0oJMv049q8hEkes9w0L1J4
Break Your Heart,Taio Cruz Featuring Ludacris,1CdqVF1ywD0ZO1zXtB9yWa
Rude Boy,Rihanna,60jzFy6Nn4M0iD1d94oteF
Nothin' On You,B.o.B Featuring Bruno Mars,59dLtGBS26x7kc0rHbaPrq
OMG,Usher Featuring will.i.am,1bM50INir8voAkVoKuvEUI
Not Afraid,Eminem,7Ie9W94M7OjPoZVV216Xus
California Gurls,Katy Perry Featuring Snoop Dogg,6KOEK6SeCEZOQkLj5M1PxH
Love The Way You Lie,Eminem Featuring Rihanna,15JINEqzVMv3SvJTAXAKED
Teenage Dream,Katy Perry,5jzKL4BDMClWqRguW5qZvh
Just The Way You Are,Bruno Mars,7BqBn9nzAq8spo5e7cZ0dJ
Like A G6,Far*East Movement Featuring Cataracs & Dev,4DvhkX2ic4zWkQeWMwQ2qf
We R Who We R,Ke$ha,3LUWWox8YYykohBbHUrrxd
What's My Name?,Rihanna Featuring Drake,6DkXLzBQT7cwXmTyzAB1DJ
Only Girl (In The World),Rihanna,2ENexcMEMsYk0rVJigVD3i
Raise Your Glass,P!nk,1gv4xPanImH17bKZ9rOveR
Firework,Katy Perry,4r6eNCsrZnQWJzzvFh4nlg
Grenade,Bruno Mars,2tJulUYLDKOg9XrtVkMgcJ
Hold It Against Me,Britney Spears,7Dyq1bhhjknLKEGg4k5NLr
Black And Yellow,Wiz Khalifa,5A6OHHy73AR5tLxgTc98zz
Born This Way,Lady Gaga,6r2BECwMgEoRb5yLfp0Hca
E.T.,Katy Perry Featuring Kanye West,4kkeuVl6gF3RMqE4Nn5W3E
S&M,Rihanna Featuring Britney Spears,7ySUcLPVX7KudhnmNcgY2D
Rolling In The Deep,Adele,1c8gk2PeTE04A1pIDH9YMk
Give Me Everything,Pitbull Featuring Ne-Yo| Afrojack & Nayer,4QNpBfC0zvjKqPJcyqBy9W
Party Rock Anthem,LMFAO Featuring Lauren Bennett & GoonRock,0IkKz2J93C94Ei4BvDop7P
Last Friday Night (T.G.I.F.),Katy Perry,3avYqdwHKEq8beXbeWCKqJ
Moves Like Jagger,Maroon 5 Featuring Christina Aguilera,7LcfRTgAVTs5pQGEQgUEzN
Someone Like You,Adele,1zwMYTA5nlNjZxYrvBB2pV
We Found Love,Rihanna Featuring Calvin Harris,6qn9YLKt13AGvpq9jfO8py
Sexy And I Know It,LMFAO,0obBFrPYkSoBJbvHfUIhkv
Set Fire To The Rain,Adele,73CMRj62VK8nUS4ezD2wvi
Stronger (What Doesn't Kill You),Kelly Clarkson,6D60klaHqbCl9ySc8VcRss
Part Of Me,Katy Perry,6yARPLK0PV4heEyh7pVMGz
We Are Young,fun. Featuring Janelle Monae,7a86XRg84qjasly9f6bPSD
Somebody That I Used To Know,Gotye Featuring Kimbra,4wCmqSrbyCgxEXROQE6vtV
Call Me Maybe,Carly Rae Jepsen,3TGRqZ0a2l1LRblBkJoaDx
Whistle,Flo Rida,3bC1ahPIYt1btJzSSEyyrF
We Are Never Ever Getting Back Together,Taylor Swift,5YqltLsjdqFtvqE7Nrysvs
One More Night,Maroon 5,4XNrMwGx1SqP01sqkGTDmo
Diamonds,Rihanna,1z9kQ14XBSN0r2v6fx4IdG
Locked Out Of Heaven,Bruno Mars,3w3y8KPTfNeOKPiqUTakBh
Thrift Shop,Macklemore & Ryan Lewis Featuring Wanz,6CjtS2JZH9RkDz5UVInsa9
Harlem Shake,Baauer,01XFgRZfZI7oBagNf1Loml
When I Was Your Man,Bruno Mars,0nJW01T7XtvILxQgC5J7Wh
Just Give Me A Reason,P!nk Featuring Nate Ruess,1mKXFLRA179hdOWQBwUk9e
Can't Hold Us,Macklemore & Ryan Lewis Featuring Ray Dalton,22skzmqfdWrjJylampe0kt
Blurred Lines,Robin Thicke Featuring T.I. + Pharrell,0n4bITAu0Y0nigrz3MFJMb
Roar,Katy Perry,27tNWlhdAryQY04Gb2ZhUI
Wrecking Ball,Miley Cyrus,2vwlzO0Qp8kfEtzTsCXfyE
Royals,Lorde,2dLLR6qlu5UJ5gk0dKz0h3
The Monster,Eminem Featuring Rihanna,48RrDBpOSSl1aLVCalGl5C
Timber,Pitbull Featuring Ke$ha,3cHyrEgdyYRjgJKSOiOtcS
Dark Horse,Katy Perry Featuring Juicy J,4jbmgIyjGoXjY01XxatOx6
Happy,Pharrell Williams,60nZcImufyMA1MKQY3dcCH
All Of Me,John Legend,3U4isOIWM3VvDubwSI3y7a
Fancy,Iggy Azalea Featuring Charli XCX,3oiMJQAWVaxSubJ7b2VUtX
Rude,MAGIC!,6RtPijgfPKROxEzTHNRiDp
Shake It Off,Taylor Swift,5xTtaWoae3wi06K5WfVUUH
All About That Bass,Meghan Trainor,5jE48hhRu8E6zBDPRSkEq7
Blank Space,Taylor Swift,1p80LdxRV74UKvL8gnD7ky
Uptown Funk!,Mark Ronson Featuring Bruno Mars,32OlwWuMpZ6b0aN2RZOeMS
See You Again,Wiz Khalifa Featuring Charlie Puth,2JzZzZUQj3Qff7wapcbKjc
Bad Blood,Taylor Swift Featuring Kendrick Lamar,6qAcApH8obo8eqatCKUHd9
Cheerleader,OMI,023OVLNzXhX0j7CxswUt6D
Can't Feel My Face,The Weeknd,22VdIZQfgXJea34mQxlt81
What Do You Mean?,Justin Bieber,4B0JvthVoAAuygILe3n4Bs
The Hills,The Weeknd,7fBv7CLKzipRk6EC6TWHOB
Hello,Adele,62PaSfnXSMyLshYJrlTuL3
Sorry,Justin Bieber,09CtPGIpYB4BrO8qb1RGsF
Love Yourself,Justin Bieber,50kpGaPAhYJ3sGmk6vplg0
Pillowtalk,Zayn,0PDUDa38GO8lMxLCRc4lL1
Work,Rihanna Featuring Drake,72TFWvU3wUYdUuxejTTIzt
Panda,Desiigner,5YEOzOojehCqxGQCcQiyR4
One Dance,Drake Featuring WizKid & Kyla,1zi7xx7UVEFkmKfv06H8x0
Can't Stop The Feeling!,Justin Timberlake,1WkMMavIMc4JZ8cfMmxHkI
Cheap Thrills,Sia Featuring Sean Paul,3S4px9f4lceWdKf0gWciFu
Closer,The Chainsmokers Featuring Halsey,7BKLCZ1jbUBVqRi2FVlTVw
Black Beatles,Rae Sremmurd Featuring Gucci Mane,6fujklziTHa8uoM5OQSfIo
Starboy,The Weeknd Featuring Daft Punk,7MXVkk9YMctZqd1Srtv4MB
Bad And Boujee,Migos Featuring Lil Uzi Vert,0M9ydKzuF3oZTfYYPfaGX1
Shape Of You,Ed Sheeran,7qiZfU4dY1lWllzX7mPBI3
Humble.,Kendrick Lamar,7KXjTSCq5nL1LoYtL7XAwS
That's What I Like,Bruno Mars,0KKkJNfGyhkQ5aFogxQAPU
I'm The One,DJ Khaled Featuring Justin Bieber| Quavo| Chance The Rapper & Lil Wayne,608a1wIsSd5KzMEqm1O7w3
Despacito,Luis Fonsi & Daddy Yankee Featuring Justin Bieber,6habFhsOp2NvshLv26DqMb
Look What You Made Me Do,Taylor Swift,1P17dC1amhFzptugyAO7Il
Bodak Yellow (Money Moves),Cardi B,6KBYefIoo7KydImq1uUQlL
Rockstar,Post Malone Featuring 21 Savage,0e7ipj03S05BNilyu5bRzt
Perfect,Ed Sheeran,0tgVpDi06FyKpA1z0VMD4v
Havana,Camila Cabello Featuring Young Thug,1rfofaqEpACxVEHIZBJe6W
God's Plan,Drake,6DCZcSspjsKoFjzjrWoCdn
Nice For What,Drake,3CA9pLiwRIGtUBiMjbZmRw
This Is America,Childish Gambino,0b9oOr2ZgvyQu88wzixux9
Psycho,Post Malone Featuring Ty Dolla $ign,3swc6WTsr7rl9DqQKQA55C
Sad!,XXXTENTACION,3ee8Jmje8o58CHK66QrVC2
I Like It,Cardi B| Bad Bunny & J Balvin,58q2HKrzhC3ozto2nDdN4z
In My Feelings,Drake,2G7V7zsVDxg1yRsu7Ew9RJ
Girls Like You,Maroon 5 Featuring Cardi B,6V1bu6o1Yo5ZXnsCJU8Ovk
Thank U; Next,Ariana Grande,3e9HZxeyfWwjeyPAMmWSSQ
Sicko Mode,Travis Scott,2xLMifQCjDGFmkHkpNLD9h
Without Me,Halsey,6FZDfxM3a3UCqtzo5pxSLZ
Sunflower (Spider-Man: Into The Spider-Verse),Post Malone & Swae Lee,0RiRZpuVRbi7oqRdSMwhQY
7 Rings,Ariana Grande,6ocbgoVGwYJhOv1GgI9NsF
Shallow,Lady Gaga & Bradley Cooper,2VxeLyX666F8uXCJ0dZF8B
Sucker,Jonas Brothers,22vgEDb5hykfaTwLuskFGD
Old Town Road,Lil Nas X Featuring Billy Ray Cyrus,2YpeDb67231RjR0MgVLzsG
Bad Guy,Billie Eilish,2Fxmhks0bxGSBdJ92vM42m
Senorita,Shawn Mendes & Camila Cabello,6v3KW9xbzN5yKLt9YKDYA2
Truth Hurts,Lizzo,3HWzoMvoF3TQfYg4UPszDq
HIGHEST IN THE ROOM,Travis Scott,3eekarcy7kvN4yt5ZFzltW
Someone You Loved,Lewis Capaldi,7qEHsqek33rTcFNT9PFqLf
Lose You To Love Me,Selena Gomez,4l0Mvzj72xxOpRrp6h8nHi
Circles,Post Malone,21jGcNKet2qwijlDFuPiPb
Heartless,The Weeknd,6bnF93Rx87YqUBLSgjiMU8
All I Want For Christmas Is You,Mariah Carey,0bYg9bo50gSsH3LtXe2SQn
The Box,Roddy Ricch,0nbXyq5TXYPCO7pr3N8S4I
Blinding Lights,The Weeknd,0VjIjW4GlUZAMYd2vXMi3b
Toosie Slide,Drake,127QTOFJsJQp5LbJbu3A1y
The Scotts,THE SCOTTS| Travis Scott & Kid Cudi,39Yp9wwQiSRIDOvrVg7mbk
Say So,Doja Cat Featuring Nicki Minaj,3Dv1eDb0MEgF93GpLXlucZ
Stuck With U,Ariana Grande & Justin Bieber,4HBZA5flZLE435QTztThqH
Savage,Megan Thee Stallion,55CHeLEfn5iJ0IIkgaa4si
Rain On Me,Lady Gaga & Ariana Grande,7ju97lgwC2rKQ6wwsf9no9
Rockstar,DaBaby Featuring Roddy Ricch,7ytR5pFWmSjzHJIeQkgog4
Trollz,6ix9ine & Nicki Minaj,3xIzkKqp7oe37NEVrcPjGS
Cardigan,Taylor Swift,4R2kfaDFhslZEMJqAFNpdd
Watermelon Sugar,Harry Styles,6UelLqGlWMcVH1E5c4H7lY
WAP,Cardi B Featuring Megan Thee Stallion,4Oun2ylbjFKMPTiaSbbCih
Dynamite,BTS,5QDLhrAOJJdNAmCTJ8xMyW
Franchise,Travis Scott Featuring Young Thug & M.I.A.,4jVBIpuOiMj1crqd8LoCrJ
Savage Love (Laxed - Siren Beat),Jawsh 685 x Jason Derulo,1xQ6trAsedVPCdbtDAmk0c
Mood,24kGoldn Featuring iann dior,4jPy3l0RUwlUI9T5XHBW2m
Positions,Ariana Grande,35mvY5S1H3J2QZyna3TFe0
Life Goes On,BTS,5FVbvttjEvQ8r2BgUcJgNg
Willow,Taylor Swift,0lx2cLdOt3piJbcaXIV74f
Drivers License,Olivia Rodrigo,5wANPM4fQCJwkGd4rN57mH
What's Next,Drake,3aQem4jVGdhtg116TmJnHz
Up,Cardi B,1M4OcYkxAtu3ErzSgDEfoi
Peaches,Justin Bieber Featuring Daniel Caesar & Giveon,4iJyoBOLtHqaGxP12qzhQI
Montero (Call Me By Your Name),Lil Nas X,1SC5rEoYDGUK4NfG82494W
Leave The Door Open,Silk Sonic (Bruno Mars & Anderson .Paak),02VBYrHfVwfEWXk5DXyf0T
Rapstar,Polo G,18vXApRmJSgQ6wG2ll9AOg
Save Your Tears,The Weeknd & Ariana Grande,1oFAF1hdPOickyHgbuRjyX
Good 4 U,Olivia Rodrigo,4ZtFanR9U6ndgddUvNcjcG
Butter,BTS,6jjYDGxVJsWS0a5wlVF5vS
Permission To Dance,BTS,3XYRV7ZSHqIRDG87DKTtry
Stay,The Kid LAROI & Justin Bieber,567e29TDzLwZwfDuEpGTwo
Way 2 Sexy,Drake Featuring Future & Young Thug,0k1WUmIRnG3xU6fvvDVfRG
My Universe,Coldplay x BTS,46HNZY1i7O6jwTA7Slo2PI
Industry Baby,Lil Nas X & Jack Harlow,27NovPIUIRrOZoCHxABJwK
Easy On Me,Adele,46IZ0fSY2mpAiktS3KOqds
All Too Well (Taylor's Version),Taylor Swift,5enxwA8aAbwZbf5qCHORXi
We Don't Talk About Bruno,Carolina Gaitan| Mauro Castillo| Adassa| Rhenzy Feliz| Diane Guerrero| Stephanie Beatriz & Encanto Cast,52xJxFP6TqMuO4Yt0eOkMz
Heat Waves,Glass Animals,3USxtqRwSYz57Ewm6wWRMp
As It Was,Harry Styles,4Dvkj6JhhA12EX05fT7y2e
First Class,Jack Harlow,0wHFktze2PHC5jDt3B17DC
Wait For U,Future Featuring Drake & Tems,59nOXPmaKlBfGMDeOVGrIK
Jimmy Cooks,Drake Featuring 21 Savage,3F5CgOj3wFlRv51JsHbxhe
About Damn Time,Lizzo,6HMtHNpW6YPi1hrw9tgF8P
Break My Soul,Beyonce,5pyoxDZ1PX0KxBxiRVxA4U
Super Freaky Girl,Nicki Minaj,2yjlYDiNiQkdxVqTlaSrlX
Bad Habit,Steve Lacy,4k6Uh1HXdhtusDW5y8Gbvy
Unholy,Sam Smith & Kim Petras,3nqQXoyQOWXiESFLlDF1hG
Anti-Hero,Taylor Swift,0V3wPSX9ygBnCm8psDIegu
Flowers,Miley Cyrus,7DSAEUvxU8FajXtRloy8M0
Die For You,The Weeknd & Ariana Grande,4W4fNrZYkobj539TOWsLO2
Last Night,Morgan Wallen,7K3BhSpAxZBznislvUMVtn
Like Crazy,Jimin,3Ua0m0YmEjrMi9XErKcNiR
Kill Bill,SZA,1Qrg8KqiBpW07V7PNxwwwL
Vampire,Olivia Rodrigo,1kuGVB7EU95pJObxwvfwKS
Seven,Jung Kook Featuring Latto,2HRgqmZQC0MC7GeNuDIXHN
Try That In A Small Town,Jason Aldean,5BqI4ugJL5WaPRQ6MlC8Ho
Rich Men North Of Richmond,Oliver Anthony Music,78Du4CMFgnhdlG33gblkiP
I Remember Everything,Zach Bryan Featuring Kacey Musgraves,4KULAymBBJcPRpk1yO4dOG
Paint The Town Red,Doja Cat,2IGMVunIBsBLtEQyoI1Mu7
Slime You Out,Drake Featuring SZA,3RaCGXCiiMufRPoexXxGkV
First Person Shooter,Drake Featuring J. Cole,7aqfrAY2p9BUSiupwk3svU
Cruel Summer,Taylor Swift,1BxfuPKGuaTgP7aM0Bbdwr
Is It Over Now? (Taylor's Version) [From The Vault],Taylor Swift,1Iq8oo9XkmmvCQiGOfORiz
Lovin On Me,Jack Harlow,4xhsWYTOGcal8zt0J161CU
Rockin' Around The Christmas Tree,Brenda Lee,2EjXfH91m7f8HiJN1yQg97
Yes; And?,Ariana Grande,5D34wRmbFS29AjtTOP2QJe
Hiss,Megan Thee Stallion,79AHPJd8upvNxyK2qQcY8J
Texas Hold 'Em,Beyonce,7wLShogStyDeZvL0a6daN5
Carnival,Kanye West & Ty Dolla $ign Featuring Rich The Kid & Playboi Carti,4OssqCixV2Xsxd43wMIQyS
We Can't Be Friends (Wait For Your Love),Ariana Grande,51ZQ1vr10ffzbwIjDCwqm4
Lose Control,Teddy Swims,17phhZDn6oGtzMe56NuWvj
Like That,Future| Metro Boomin & Kendrick Lamar,2tudvzsrR56uom6smgOcSf
Too Sweet,Hozier,76JKIsdKrAfWUMjaA0u7v5
Fortnight,Taylor Swift Featuring Post Malone,2OzhQlSqBEmt7hmkYxfT6m
Not Like Us,Kendrick Lamar,6AI3ezQ4o3HUoP6Dhudph3
I Had Some Help,Post Malone Featuring Morgan Wallen,5IZXB5IKAD2qlvTPJYDCFB
Please Please Please,Sabrina Carpenter,2tHwzyyOLoWSFqYNjeVMzj
A Bar Song (Tipsy),Shaboozey,2FQrifJ1N335Ljm3TjTVVf
Love Somebody,Morgan Wallen,7hR22TOX3RorxJPcsz5Wbo
