,Song,Artist
0,poor little fool,ricky nelson
1,nel blu dipinto di,domenico modugno
2,little star,the elegants
7,it's all in the,tommy edwards
13,it's only make believe,conway twitty
14,tom dooley,the kingston trio
16,to know him is,the teddy bears
19,the chipmunk song,the chipmunks with david
23,smoke gets in your,the platters
26,stagger lee,lloyd price
30,venus,frankie avalon
35,come softly to me,the fleetwoods
39,the happy organ,dave baby cortez
40,kansas city,wilbert harrison
42,the battle of new,johnny horton
48,lonely boy,paul anka
52,a big hunk o',elvis presley with the
54,the three bells,the browns
58,sleep walk,santo johnny
60,mack the knife,bobby darin
66,mr. blue,the fleetwoods
70,heartaches by the number,guy mitchell
72,why,frankie avalon
73,el paso,marty robbins
75,running bear,johnny preston
78,teen angel,mark dinning
80,the theme from a,percy faith and his
89,stuck on you,elvis presley with the
93,cathy's clown,the everly brothers
98,everybody's somebody's fool,connie francis
100,alley-oop,hollywood argyles
101,i'm sorry,brenda lee
104,itsy bitsy teenie weenie,brian hyland
105,it's now or never,elvis presley with the
110,the twist,chubby checker
111,my heart has a,connie francis
113,mr. custer,larry verne
114,save the last dance,the drifters
115,i want to be,brenda lee
118,georgia on my mind,ray charles
119,stay,maurice williams the zodiacs
120,are you lonesome to-night,elvis presley with the
126,wonderland by night,bert kaempfert and his
129,will you love me,the shirelles
131,calcutta,lawrence welk and his
133,pony time,chubby checker
136,surrender,elvis presley with the
138,blue moon,the marcels
141,runaway,del shannon
145,mother-in-law,ernie k-doe
146,travelin' man,ricky nelson
147,running scared,roy orbison
149,moody river,pat boone
150,quarter to three,u.s. bonds
152,tossin' and turnin',bobby lewis
159,wooden heart,joe dowell
160,michael,the highwaymen
162,take good care of,bobby vee
165,hit the road jack,ray charles and his
167,runaround sue,dion
169,big bad john,jimmy dean
174,please mr. postman,the marvelettes
175,the lion sleeps tonight,the tokens
181,peppermint twist - part,joey dee the starliters
184,duke of earl,gene chandler
187,hey baby,bruce channel
190,don't break the heart,connie francis
191,johnny angel,shelley fabares
193,good luck charm,elvis presley with the
195,soldier boy,the shirelles
198,stranger on the shore,mr. acker bilk
199,i can't stop loving,ray charles
204,the stripper,david rose and his
205,roses are red,bobby vinton
209,breaking up is hard,neil sedaka
211,the loco-motion,little eva
212,sheila,tommy roe
214,sherry,the 4 seasons
219,monster mash,bobby boris pickett and
221,he's a rebel,the crystals
223,big girls don't cry,the 4 seasons
228,telstar,the tornadoes
231,go away little girl,steve lawrence
233,walk right in,the rooftop singers
235,hey paula,paul and paula
238,walk like a man,the 4 seasons
241,our day will come,ruby and the romantics
242,he's so fine,the chiffons
246,i will follow him,little peggy march
249,if you wanna be,jimmy soul
251,it's my party,lesley gore
253,sukiyaki,kyu sakamoto
256,easier said than done,the essex
258,surf city,jan dean
260,so much in love,the tymes
261,fingertips - pt 2,little stevie wonder
264,my boyfriend's back,the angels
267,blue velvet,bobby vinton
270,sugar shack,jimmy gilmer and the
275,deep purple,nino tempo april stevens
276,i'm leaving it up,dale grace
278,dominique,the singing nun
282,there i've said it,bobby vinton
286,i want to hold,the beatles
293,she loves you,the beatles
294,can't buy me love,the beatles
299,hello dolly,louis armstrong and the
300,my guy,mary wells
302,love me do,the beatles
303,chapel of love,the dixie cups
306,a world without love,peter and gordon
307,i get around,the beach boys
309,rag doll,the 4 seasons
311,a hard day's night,the beatles
313,everybody loves somebody,dean martin
314,where did our love,the supremes
316,house of the rising,the animals
319,oh pretty woman,roy orbison and the
322,do wah diddy diddy,manfred mann
324,baby love,the supremes
328,leader of the pack,the shangri-las
329,ringo,lorne greene
330,mr. lonely,bobby vinton
331,come see about me,the supremes
332,i feel fine,the beatles
336,downtown,petula clark
338,you've lost that lovin',the righteous brothers
340,this diamond ring,gary lewis and the
342,my girl,the temptations
343,eight days a week,the beatles
345,stop in the name,the supremes
347,i'm telling you now,freddie and the dreamers
349,game of love,wayne fontana the mindbenders
350,mrs. brown you've got,herman's hermits
353,ticket to ride,the beatles
354,help me rhonda,the beach boys
356,back in my arms,the supremes
357,i can't help myself,four tops
358,mr. tambourine man,the byrds
360,satisfaction,the rolling stones
364,i'm henry viii i,herman's hermits
365,i got you babe,sonny cher
368,help,the beatles
371,eve of destruction,barry mcguire
372,hang on sloopy,the mccoys
373,yesterday,the beatles
377,get off of my,the rolling stones
379,i hear a symphony,the supremes
381,turn turn turn,the byrds
384,over and over,the dave clark five
385,the sound of silence,simon garfunkel
386,we can work it,the beatles
390,my love,petula clark
392,lightnin' strikes,lou christie
393,these boots are made,nancy sinatra
394,the ballad of the,ssgt barry sadler
399,soul and inspiration,the righteous brothers
402,good lovin',the young rascals
403,monday monday,the mamas the papas
406,when a man loves,percy sledge
408,paint it black,the rolling stones
410,paperback writer,the beatles
411,strangers in the night,frank sinatra
413,hanky panky,tommy james and the
415,wild thing,the troggs
417,summer in the city,the lovin' spoonful
420,sunshine superman,donovan
421,you can't hurry love,the supremes
423,cherish,the association
426,reach out i'll be,four tops
428,96 tears,the mysterians
429,last train to clarksville,the monkees
430,poor side of town,johnny rivers
431,you keep me hangin',the supremes
433,winchester cathedral,the new vaudeville band
434,good vibrations,the beach boys
437,i'm a believer,the monkees
444,kind of a drag,the buckinghams
446,ruby tuesday,the rolling stones
447,love is here and,the supremes
448,penny lane,the beatles
449,happy together,the turtles
452,somethin' stupid,nancy sinatra frank sinatra
456,the happening,the supremes
457,groovin',the young rascals
459,respect,aretha franklin
463,windy,the association
467,light my fire,the doors
470,all you need is,the beatles
471,ode to billie joe,bobbie gentry
475,the letter,the box tops
479,to sir with love,lulu
484,incense and peppermints,strawberry alarm clock
485,daydream believer,the monkees
489,hello goodbye,the beatles
492,judy in disguise,john fred and the
494,green tambourine,the lemon pipers
495,love is blue,paul mauriat and his
500,the dock of the,otis redding
504,honey,bobby goldsboro
509,tighten up,archie bell the drells
511,mrs. robinson,simon garfunkel
514,this guy's in love,herb alpert
518,grazing in the grass,hugh masekela
520,hello i love you,the doors
522,people got to be,the rascals
527,harper valley p.t.a.,jeannie c. riley
528,hey jude,the beatles
537,love child,diana ross the supremes
539,i heard it through,marvin gaye
546,crimson and clover,tommy james and the
548,everyday people,sly the family stone
552,dizzy,tommy roe
556,aquarius let the sunshine,the 5th dimension
562,get back,the beatles with billy
567,love theme from romeo,henry mancini and his
569,in the year 2525,zager evans
575,honky tonk women,the rolling stones
579,sugar sugar,the archies
583,i can't get next,the temptations
585,suspicious minds,elvis presley
586,wedding bell blues,the 5th dimension
589,come together something,the beatles
590,na na hey hey,steam
592,leaving on a jet,peter paul mary
593,someday we'll be together,diana ross the supremes
594,raindrops keep fallin' on,b.j. thomas
598,i want you back,jackson 5
599,venus,the shocking blue
600,thank you falettinme be,sly the family stone
602,bridge over troubled water,simon garfunkel
608,let it be,the beatles
610,abc,jackson 5
612,american woman no sugar,the guess who
615,everything is beautiful,ray stevens
617,the long and winding,the beatles
619,the love you save,jackson 5
621,mama told me,three dog night
623,close to you,carpenters
627,make it with you,bread
628,war,edwin starr
631,ain't no mountain high,diana ross
634,cracklin' rosie,neil diamond
635,i'll be there,jackson 5
640,i think i love,the partridge family
643,the tears of a,smokey robinson the miracles
645,my sweet lord isn't,george harrison
649,knock three times,dawn
652,one bad apple,the osmonds
657,me and bobby mcgee,janis joplin
659,just my imagination,the temptations
661,joy to the world,three dog night
667,brown sugar,the rolling stones
669,want ads,the honey cone
670,it's too late i,carole king
675,indian reservation,the raiders
676,you've got a friend,james taylor
677,how can you mend,bee gees
681,uncle albert admiral halsey,paul linda mccartney
682,go away little girl,donny osmond
685,maggie may reason to,rod stewart
690,gypsys tramps & thieves,cher
692,theme from shaft,isaac hayes
694,family affair,sly the family stone
697,brand new key,melanie
700,american pie,don mclean
704,let's stay together,al green
705,without you,nilsson
709,heart of gold,neil young
710,a horse with no,america
713,the first time ever,roberta flack
719,oh girl,the chi-lites
720,i'll take you there,the staple singers
721,the candy man,sammy davis jr. with
724,song sung blue,neil diamond
725,lean on me,bill withers
728,alone again,gilbert o'sullivan
732,brandy,looking glass
735,black & white,three dog night
736,baby don't get hooked,mac davis
739,ben,michael jackson
740,my ding-a-ling,chuck berry
742,i can see clearly,johnny nash
746,papa was a rollin',the temptations
747,i am woman,helen reddy
748,me and mrs. jones,billy paul
751,you're so vain,carly simon
754,superstition,stevie wonder
755,crocodile rock,elton john
758,killing me softly with,roberta flack
762,love train,the o'jays
764,the night the lights,vicki lawrence
766,tie a yellow ribbon,dawn
770,you are the sunshine,stevie wonder
771,frankenstein,edgar winter group
772,my love,paul mccartney and wings
776,give me love -,george harrison
777,will it go round,billy preston
779,bad bad leroy brown,jim croce
781,the morning after,maureen mcgovern
783,touch me in the,diana ross
784,brother louie,stories
786,let's get it on,marvin gaye
787,delta dawn,helen reddy
789,we're an american band,grand funk
790,half-breed,cher
792,angie,the rolling stones
793,midnight train to georgia,gladys knight and the
795,keep on truckin',eddie kendricks
797,photograph,ringo starr
798,top of the world,carpenters
800,the most beautiful girl,charlie rich
802,time in a bottle,jim croce
804,the joker,the steve miller band
805,show and tell,al wilson
806,you're sixteen,ringo starr
807,the way we were,barbra streisand
808,love's theme,love unlimited orchestra
811,seasons in the sun,terry jacks
814,dark lady,cher
815,sunshine on my shoulders,john denver
816,hooked on a feeling,blue swede
817,bennie and the jets,elton john
818,tsop,mfsb
820,the loco-motion,grand funk
822,the streak,ray stevens
825,band on the run,paul mccartney and wings
826,billy don't be a,bo donaldson and the
828,sundown,gordon lightfoot
829,rock the boat,the hues corporation
830,rock your baby,george mccrae
832,annie's song,john denver
834,feel like makin' love,roberta flack
835,the night chicago died,paper lace
836,having my baby,paul anka with odia
839,i shot the sheriff,eric clapton
840,can't get enough of,barry white
841,rock me gently,andy kim
842,i honestly love you,olivia newton-john
844,nothing from nothing,billy preston
845,then came you,dionne warwicke spinners
846,you haven't done nothin,stevie wonder
847,you ain't seen nothing,bachman-turner overdrive
848,whatever gets you thru,john lennon with the
849,i can help,billy swan
851,kung fu fighting,carl douglas
853,cat's in the cradle,harry chapin
854,angie baby,helen reddy
855,lucy in the sky,elton john
857,mandy,barry manilow
858,please mr. postman,carpenters
859,laughter in the rain,neil sedaka
860,fire,ohio players
861,you're no good,linda ronstadt
862,pick up the pieces,awb
863,best of my love,eagles
864,have you never been,olivia newton-john
865,black water,the doobie brothers
866,my eyes adored you,frankie valli
867,lady marmalade,labelle
868,lovin' you,minnie riperton
869,philadelphia freedom,the elton john band
871,another somebody done somebody,b.j. thomas
872,he don't love you,tony orlando dawn
875,shining star,earth wind fire
876,before the next teardrop,freddy fender
877,thank god i'm a,john denver
878,sister golden hair,america
879,love will keep us,the captain tennille
883,listen to what the,wings
884,the hustle,van mccoy the soul
885,one of these nights,eagles
886,jive talkin',bee gees
888,fallin' in love,hamilton joe frank reynolds
889,get down tonight,kc and the sunshine
890,rhinestone cowboy,glen campbell
892,fame,david bowie
893,i'm sorry,john denver
895,bad blood,neil sedaka
898,island girl,elton john
901,that's the way,kc and the sunshine
902,fly robin fly,silver convention
906,let's do it again,the staple singers
907,saturday night,bay city rollers
908,convoy,c.w. mccall
909,i write the songs,barry manilow
910,theme from mahogany,diana ross
911,love rollercoaster,ohio players
912,50 ways to leave,paul simon
915,theme from s.w.a.t.,rhythm heritage
916,love machine,the miracles
917,december 1963,the 4 seasons
920,disco lady,johnnie taylor
924,let your love flow,bellamy brothers
925,welcome back,john sebastian
926,boogie fever,the sylvers
927,silly love songs,wings
928,love hangover,diana ross
934,afternoon delight,starland vocal band
936,kiss and say goodbye,the manhattans
938,don't go breaking my,elton john kiki dee
942,you should be dancing,bee gees
943,shake your booty,kc and the sunshine
944,play that funky music,wild cherry
947,a fifth of beethoven,walter murphy the big
948,disco duck,rick dees his cast
949,if you leave me,chicago
951,rock'n me,steve miller
952,tonight's the night,rod stewart
960,you don't have to,marilyn mccoo billy davis
961,you make me feel,leo sayer
962,i wish,stevie wonder
963,car wash,rose royce
964,torn between two lovers,mary macgregor
966,blinded by the light,manfred mann's earth band
967,new kid in town,eagles
968,evergreen,barbra streisand
971,rich girl,daryl hall john oates
973,dancing queen,abba
974,don't give up on,david soul
975,don't leave me this,thelma houston
976,southern nights,glen campbell
977,hotel california,eagles
978,when i need you,leo sayer
979,sir duke,stevie wonder
982,i'm your boogie man,kc and the sunshine
983,dreams,fleetwood mac
984,got to give it,marvin gaye
985,gonna fly now,bill conti
986,undercover angel,alan o'day
987,da doo ron ron,shaun cassidy
988,looks like we made,barry manilow
989,i just want to,andy gibb
992,best of my love,the emotions
998,star wars theme cantina,meco
1000,you light up my,debby boone
1010,how deep is your,bee gees
1013,baby come back,player
1016,stayin' alive,bee gees
1020,thicker than water,andy gibb
1022,night fever,bee gees
1030,if i can't have,yvonne elliman
1031,with a little luck,wings
1033,too much too little,johnny mathis deniece williams
1034,you're the one that,john travolta olivia newton-john
1035,shadow dancing,andy gibb
1042,miss you,the rolling stones
1043,three times a lady,commodores
1045,grease,frankie valli
1047,boogie oogie oogie,a taste of honey
1050,kiss you all over,exile
1054,hot child in the,nick gilder
1055,you needed me,anne murray
1056,macarthur park,donna summer
1059,you don't bring me,barbra streisand neil diamond
1060,le freak,chic
1064,too much heaven,bee gees
1069,da ya think i'm,rod stewart
1073,i will survive,gloria gaynor
1075,tragedy,bee gees
1078,what a fool believes,the doobie brothers
1079,knock on wood,amii stewart
1080,heart of glass,blondie
1081,reunited,peaches herb
1085,hot stuff,donna summer
1086,love you inside out,bee gees
1089,ring my bell,anita ward
1091,bad girls,donna summer
1096,good times,chic
1097,my sharona,the knack
1103,sad eyes,robert john
1104,don't stop 'til you,michael jackson
1105,rise,herb alpert
1107,pop muzik,m
1108,heartache tonight,eagles
1109,still,commodores
1110,no more tears,barbra streisand donna summer
1112,babe,styx
1114,escape,rupert holmes
1116,please don't go,kc and the sunshine
1118,rock with you,michael jackson
1122,do that to me,captain tennille
1123,crazy little thing called,queen
1127,another brick in the,pink floyd
1131,call me,blondie
1137,funkytown,lipps inc.
1141,coming up,paul mccartney and wings
1144,it's still rock and,billy joel
1146,magic,olivia newton-john
1150,sailing,christopher cross
1151,upside down,diana ross
1155,another one bites the,queen
1158,woman in love,barbra streisand
1161,lady,kenny rogers
1167,starting over,john lennon
1172,the tide is high,blondie
1173,celebration,kool the gang
1175,9 to 5,dolly parton
1176,i love a rainy,eddie rabbitt
1179,keep on loving you,reo speedwagon
1180,rapture,blondie
1182,kiss on my list,daryl hall john oates
1185,morning train,sheena easton
1187,bette davis eyes,kim carnes
1192,medley,stars on 45
1197,the one that you,air supply
1198,jessie's girl,rick springfield
1200,endless love,diana ross lionel richie
1209,arthur's theme,christopher cross
1212,private eyes,daryl hall john oates
1214,physical,olivia newton-john
1224,i can't go for,daryl hall john oates
1225,centerfold,the j. geils band
1231,i love rock 'n,joan jett the blackhearts
1238,chariots of fire -,vangelis
1239,ebony and ivory,paul mccartney and stevie
1246,don't you want me,the human league
1249,eye of the tiger,survivor
1255,abracadabra,the steve miller band
1256,hard to say i'm,chicago
1259,jack & diane,john cougar
1263,who can it be,men at work
1264,up where we belong,joe cocker and jennifer
1267,truly,lionel richie
1269,mickey,toni basil
1270,maneater,daryl hall john oates
1274,down under,men at work
1277,africa,toto
1279,baby come to me,patti austin a duet
1281,billie jean,michael jackson
1288,come on eileen,dexys midnight runners
1289,beat it,michael jackson
1292,let's dance,david bowie
1293,flashdance what a feeling,irene cara
1299,every breath you take,the police
1307,sweet dreams,eurythmics
1308,maniac,michael sembello
1310,tell her about it,billy joel
1311,total eclipse of the,bonnie tyler
1315,islands in the stream,kenny rogers duet with
1317,all night long,lionel richie
1321,say say say,paul mccartney and michael
1326,owner of a lonely,yes
1328,karma chameleon,culture club
1331,jump,van halen
1336,footloose,kenny loggins
1339,against all odds,phil collins
1342,hello,lionel richie
1344,let's hear it for,deniece williams
1346,time after time,cyndi lauper
1348,the reflex,duran duran
1350,when doves cry,prince
1355,ghostbusters,ray parker jr.
1358,what's love got to,tina turner
1361,missing you,john waite
1362,let's go crazy,prince and the revolution
1364,i just called to,stevie wonder
1367,caribbean queen,billy ocean
1369,wake me up before,wham!
1372,out of touch,daryl hall john oates
1374,like a virgin,madonna
1380,i want to know,foreigner
1382,careless whisper,wham!
1385,can't fight this feeling,reo speedwagon
1388,one more night,phil collins
1390,we are the world,usa for africa
1394,crazy for you,madonna
1395,don't you,simple minds
1396,everything she wants,wham!
1398,everybody wants to rule,tears for fears
1400,heaven,bryan adams
1402,sussudio,phil collins
1403,a view to a,duran duran
1405,everytime you go away,paul young
1406,shout,tears for fears
1409,the power of love,huey lewis the news
1411,st. elmo's fire,john parr
1413,money for nothing,dire straits
1416,oh sheila,ready for the world
1417,take on me,a-ha
1418,saving all my love,whitney houston
1419,part-time lover,stevie wonder
1420,miami vice theme,jan hammer
1421,we built this city,starship
1423,separate lives,phil collins and marilyn
1424,broken wings,mr. mister
1426,say you say me,lionel richie
1430,that's what friends are,dionne friends
1434,how will i know,whitney houston
1436,kyrie,mr. mister
1438,sara,starship
1439,these dreams,heart
1440,rock me amadeus,falco
1443,kiss,prince and the revolution
1445,addicted to love,robert palmer
1446,west end girls,pet shop boys
1447,greatest love of all,whitney houston
1450,live to tell,madonna
1451,on my own,patti labelle michael mcdonald
1454,there'll be sad songs,billy ocean
1455,holding back the years,simply red
1456,invisible touch,genesis
1457,sledgehammer,peter gabriel
1458,glory of love,peter cetera
1460,papa don't preach,madonna
1462,higher love,steve winwood
1463,venus,bananarama
1464,take my breath away,berlin
1465,stuck with you,huey lewis the news
1468,when i think of,janet jackson
1470,true colors,cyndi lauper
1472,amanda,boston
1474,human,the human league
1475,you give love a,bon jovi
1476,the next time i,peter cetera with amy
1477,the way it is,bruce hornsby the range
1478,walk like an egyptian,the bangles
1482,shake you down,gregory abbott
1483,at this moment,billy vera the beaters
1485,open your heart,madonna
1486,livin' on a prayer,bon jovi
1490,jacob's ladder,huey lewis the news
1491,lean on me,club nouveau
1493,nothing's gonna stop us,starship
1495,i knew you were,aretha franklin george michael
1497,died in your arms,cutting crew
1499,with or without you,u2
1502,you keep me hangin',kim wilde
1503,always,atlantic starr
1504,head to toe,lisa lisa and cult
1505,i wanna dance with,whitney houston
1507,alone,heart
1510,shakedown,bob seger
1511,i still haven't found,u2
1513,who's that girl,madonna
1514,la bamba,los lobos
1517,i just can't stop,michael jackson with siedah
1518,didn't we almost have,whitney houston
1520,here i go again,whitesnake
1521,lost in emotion,lisa lisa and cult
1522,bad,michael jackson
1524,i think we're alone,tiffany
1526,mony mony,billy idol
1527,the time of my,bill medley jennifer warnes
1528,heaven is a place,belinda carlisle
1529,faith,george michael
1533,so emotional,whitney houston
1534,got my mind set,george harrison
1535,the way you make,michael jackson
1536,need you tonight,inxs
1537,could've been,tiffany
1539,seasons change,expose
1540,father figure,george michael
1542,never gonna give you,rick astley
1544,man in the mirror,michael jackson
1546,get outta my dreams,billy ocean
1548,where do broken hearts,whitney houston
1550,wishing well,terence trent d'arby
1551,anything for you,gloria estefan miami sound
1553,one more try,george michael
1556,together forever,rick astley
1557,foolish beat,debbie gibson
1558,dirty diana,michael jackson
1559,the flame,cheap trick
1561,hold on to the,richard marx
1562,roll with it,steve winwood
1566,monkey,george michael
1568,sweet child o' mine,guns n' roses
1570,don't worry be happy,bobby mcferrin
1572,love bites,def leppard
1573,red red wine,ub40
1574,groovy kind of love,phil collins
1576,kokomo,the beach boys
1577,wild wild west,the escape club
1578,bad medicine,bon jovi
1580,baby i love your,will to power
1581,look away,chicago
1583,every rose has its,poison
1586,my prerogative,bobby brown
1587,two hearts,phil collins
1589,when i'm with you,sheriff
1590,straight up,paula abdul
1593,lost in your eyes,debbie gibson
1596,the living years,mike the mechanics
1597,eternal flame,the bangles
1598,the look,roxette
1599,she drives me crazy,fine young cannibals
1600,like a prayer,madonna
1603,i'll be there for,bon jovi
1604,forever your girl,paula abdul
1606,rock on,michael damian
1607,wind beneath my wings,bette midler
1608,i'll be loving you,new kids on the
1609,satisfied,richard marx
1610,baby don't forget my,milli vanilli
1611,good thing,fine young cannibals
1612,if you don't know,simply red
1613,toy soldiers,martika
1615,batdance,prince
1616,right here waiting,richard marx
1619,cold hearted,paula abdul
1620,hangin' tough,new kids on the
1621,don't wanna lose you,gloria estefan
1622,girl i'm gonna miss,milli vanilli
1624,miss you much,janet jackson
1628,listen to your heart,roxette
1629,when i see you,bad english
1631,blame it on the,milli vanilli
1633,we didn't start the,billy joel
1635,another day in paradise,phil collins
1639,how am i supposed,michael bolton
1642,opposites attract,paula abdul
1645,escapade,janet jackson
1648,black velvet,alannah myles
1650,love will lead you,taylor dayne
1651,i'll be your everything,tommy page
1652,nothing compares 2 u,sinead o'connor
1656,vogue,madonna
1659,hold on,wilson phillips
1660,it must have been,roxette
1662,step by step,new kids on the
1665,she ain't worth it,glenn medeiros
1667,vision of love,mariah carey
1671,if wishes came true,sweet sensation
1672,blaze of glory,jon bon jovi
1673,release me,wilson phillips
1675,love and affection,nelson
1676,close to you,maxi priest
1677,praying for time,george michael
1678,i don't have the,james ingram
1679,black cat,janet jackson
1680,ice ice baby,vanilla ice
1681,love takes time,mariah carey
1684,i'm your baby tonight,whitney houston
1685,because i love you,stevie b
1689,justify my love,madonna
1691,love will never do,janet jackson
1692,the first time,surface
1694,gonna make you sweat,c c music factory
1696,all the man that,whitney houston
1698,someday,mariah carey
1700,one more try,timmy t.
1701,coming out of the,gloria estefan
1703,i've been thinking about,londonbeat
1704,you're in love,wilson phillips
1705,baby baby,amy grant
1707,joyride,roxette
1708,i like the way,hi-five
1709,i don't wanna cry,mariah carey
1711,more than words,extreme
1712,rush rush,paula abdul
1717,unbelievable,emf
1718,i do it for,bryan adams
1725,the promise of a,paula abdul
1726,i adore mi amor,color me badd
1728,good vibrations,marky mark the funky
1729,emotions,mariah carey
1732,romantic,karyn white
1733,cream,prince and the n.p.g.
1735,when a man loves,michael bolton
1736,set adrift on memory,p.m. dawn
1737,black or white,michael jackson
1744,all 4 love,color me badd
1745,don't let the sun,george michael elton john
1746,i'm too sexy,right said fred
1749,to be with you,mr. big
1752,save the best for,vanessa williams
1757,jump,kris kross
1765,i'll be there,mariah carey
1767,baby got back,sir mix-a-lot
1772,this used to be,madonna
1773,end of the road,boyz ii men
1786,how do you talk,the heights
1788,i will always love,whitney houston
1802,a whole new world,peabo bryson regina belle
1803,informer,snow
1810,freak me,silk
1812,that's the way love,janet jackson
1820,weak,swv
1822,can't help falling in,ub40
1829,dreamlover,mariah carey
1837,i'd do anything for,meat loaf
1842,again,janet jackson
1844,hero,mariah carey
1848,all for love,bryan adams rod stewart
1851,the power of love,celine dion
1855,the sign,ace of base
1859,bump n' grind,r. kelly
1865,i swear,all-4-one
1876,stay,lisa loeb nine stories
1879,i'll make love to,boyz ii men
1893,on bended knee,boyz ii men
1895,here comes the hotstepper,ini kamoze
1901,creep,tlc
1905,take a bow,madonna
1912,this is how we,montell jordan
1919,have you ever really,bryan adams
1924,waterfalls,tlc
1931,kiss from a rose,seal
1932,you are not alone,michael jackson
1933,gangsta's paradise,coolio
1936,fantasy,mariah carey
1944,exhale,whitney houston
1945,one sweet day,mariah carey boyz ii
1961,because you loved me,celine dion
1967,always be my baby,mariah carey
1969,tha crossroads,bone thugs-n-harmony
1977,how do u want,2pac
1979,you're makin' me high,toni braxton
1980,macarena,los del rio
1994,no diggity,blackstreet
1998,un-break my heart,toni braxton
2009,wannabe,spice girls
2013,can't nobody hold me,puff daddy
2019,hypnotize,the notorious b.i.g.
2022,mmmbop,hanson
2025,i'll be missing you,puff daddy faith evans
2036,mo money mo problems,the notorious b.i.g.
2038,honey,mariah carey
2041,4 seasons of loneliness,boyz ii men
2042,candle in the wind,elton john
2056,truly madly deeply,savage garden
2058,together again,janet
2060,nice & slow,usher
2062,my heart will go,celine dion
2064,gettin' jiggy wit it,will smith
2067,all my life,k-ci jojo
2070,too close,next
2074,my all,mariah carey
2076,the boy is mine,brandy monica
2089,i don't want to,aerosmith
2093,the first night,monica
2095,one week,barenaked ladies
2099,doo wop,lauryn hill
2101,lately,divine
2102,i'm your angel,r. kelly celine dion
2108,have you ever,brandy
2110,baby one more time,britney spears
2112,angel of mine,monica
2116,believe,cher
2120,no scrubs,tlc
2124,livin' la vida loca,ricky martin
2129,if you had my,jennifer lopez
2134,bills bills bills,destiny's child
2135,wild wild west,will smith
2136,genie in a bottle,christina aguilera
2141,bailamos,enrique iglesias
2143,unpretty,tlc
2146,heartbreaker,mariah carey
2148,smooth,santana
2160,what a girl wants,christina aguilera
2162,i knew i loved,savage garden
2165,thank god i found,mariah carey
2167,amazed,lonestar
2169,say my name,destiny's child
2172,maria maria,santana
2182,try again,aaliyah
2183,be with you,enrique iglesias
2186,everything you want,vertical horizon
2187,bent,matchbox twenty
2188,it's gonna be me,*nsync
2190,incomplete,sisqo
2192,doesn't really matter,janet
2195,music,madonna
2199,come on over baby,christina aguilera
2203,with arms wide open,creed
2204,independent women part i,destiny's child
2215,it wasn't me,shaggy
2217,ms. jackson,outkast
2218,stutter,joe
2222,butterfly,crazy town
2223,angel,shaggy
2225,all for you,janet
2232,lady marmalade,christina aguilera lil' kim
2237,u remind me,usher
2241,bootylicious,destiny's child
2243,fallin',alicia keys
2246,i'm real,jennifer lopez
2254,family affair,mary j. blige
2260,u got it bad,usher
2261,how you remind me,nickelback
2270,always on time,ja rule
2272,ain't it funny,jennifer lopez
2278,foolish,ashanti
2288,hot in herre,nelly
2295,dilemma,nelly
2302,a moment like this,kelly clarkson
2307,lose yourself,eminem
2319,bump bump bump,b2k p. diddy
2320,all i have,jennifer lopez
2324,in da club,50 cent
2333,get busy,sean paul
2336,21 questions,50 cent
2340,this is the night,clay aiken
2342,crazy in love,beyonce
2350,shake ya tailfeather,nelly p. diddy murphy
2354,baby boy,beyonce
2363,stand up,ludacris
2364,hey ya,outkast
2373,the way you move,outkast
2374,slow jamz,twista
2375,yeah,usher
2387,burn,usher
2394,i believe,fantasia
2396,confessions part ii,usher
2398,slow motion,juvenile
2400,lean back,terror squad
2403,goodies,ciara
2410,my boo,usher and alicia keys
2416,drop it like it's,snoop dogg
2419,let me love you,mario
2428,candy shop,50 cent
2437,hollaback girl,gwen stefani
2441,we belong together,mariah carey
2445,inside your heaven,carrie underwood
2456,gold digger,kanye west
2466,run it,chris brown
2471,don't forget about us,mariah carey
2473,laffy taffy,d4l
2474,grillz,nelly
2476,check on it,beyonce
2481,you're beautiful,james blunt
2482,so sick,ne-yo
2484,temperature,sean paul
2485,bad day,daniel powter
2490,sos,rihanna
2493,ridin',chamillionaire
2495,hips don't lie,shakira
2497,do i make you,taylor hicks
2498,promiscuous,nelly furtado
2504,london bridge,fergie
2507,sexyback,justin timberlake
2514,money maker,ludacris
2516,my love,justin timberlake
2519,i wanna love you,akon
2521,irreplaceable,beyonce
2531,say it right,nelly furtado
2532,what goes around comes,justin timberlake
2533,this is why i'm,mims
2535,glamorous,fergie
2537,don't matter,akon
2539,give it to me,timbaland
2541,girlfriend,avril lavigne
2542,makes me wonder,maroon 5
2544,buy u a drank,t-pain
2546,umbrella,rihanna
2553,hey there delilah,plain white t's
2555,beautiful girls,sean kingston
2559,big girls don't cry,fergie
2560,crank that,soulja boy tell'em
2562,stronger,kanye west
2568,kiss kiss,chris brown
2571,no one,alicia keys
2576,low,flo rida
2586,love in this club,usher
2589,bleeding love,leona lewis
2590,touch my body,mariah carey
2593,lollipop,lil wayne
2596,take a bow,rihanna
2601,viva la vida,coldplay
2602,i kissed a girl,katy perry
2609,disturbia,rihanna
2611,whatever you like,t.i.
2614,so what,p!nk
2617,live your life,t.i.
2618,womanizer,britney spears
2625,single ladies,beyonce
2630,just dance,lady gaga
2633,my life would suck,kelly clarkson
2635,crack a bottle,eminem dr. dre 50
2636,right round,flo rida
2642,poker face,lady gaga
2643,boom boom pow,the black eyed peas
2655,i gotta feeling,the black eyed peas
2669,down,jay sean
2670,3,britney spears
2672,fireflies,owl city
2673,whatcha say,jason derulo
2675,empire state of mind,jay-z alicia keys
2680,tik tok,ke$ha
2689,imma be,the black eyed peas
2691,break your heart,taio cruz
2692,rude boy,rihanna
2697,nothin' on you,b.o.b
2699,omg,usher
2700,not afraid,eminem
2704,california gurls,katy perry
2710,love the way you,eminem
2717,teenage dream,katy perry
2719,just the way you,bruno mars
2723,like a g6,far*east movement
2725,we r who we,ke$ha
2726,what's my name,rihanna
2728,only girl,rihanna
2729,raise your glass,p!nk
2730,firework,katy perry
2733,grenade,bruno mars
2736,hold it against me,britney spears
2739,black and yellow,wiz khalifa
2740,born this way,lady gaga
2746,e.t.,katy perry
2749,s&m,rihanna
2752,rolling in the deep,adele
2759,give me everything,pitbull
2760,party rock anthem,lmfao
2766,last friday night,katy perry
2768,moves like jagger,maroon 5
2769,someone like you,adele
2777,we found love,rihanna
2785,sexy and i know,lmfao
2789,set fire to the,adele
2791,stronger,kelly clarkson
2793,part of me,katy perry
2795,we are young,fun.
2801,somebody that i used,gotye
2809,call me maybe,carly rae jepsen
2818,whistle,flo rida
2819,we are never ever,taylor swift
2823,one more night,maroon 5
2832,diamonds,rihanna
2835,locked out of heaven,bruno mars
2841,thrift shop,macklemore ryan lewis
2845,harlem shake,baauer
2852,when i was your,bruno mars
2853,just give me a,p!nk
2856,can't hold us,macklemore ryan lewis
2861,blurred lines,robin thicke
2873,roar,katy perry
2875,wrecking ball,miley cyrus
2877,royals,lorde
2887,the monster,eminem
2891,timber,pitbull
2894,dark horse,katy perry
2898,happy,pharrell williams
2908,all of me,john legend
2911,fancy,iggy azalea
2918,rude,magic!
2924,shake it off,taylor swift
2926,all about that bass,meghan trainor
2936,blank space,taylor swift
2943,uptown funk,mark ronson
2957,see you again,wiz khalifa
2963,bad blood,taylor swift
2970,cheerleader,omi
2974,can't feel my face,the weeknd
2978,what do you mean,justin bieber
2980,the hills,the weeknd
2986,hello,adele
2996,sorry,justin bieber
2999,love yourself,justin bieber
3000,pillowtalk,zayn
3002,work,rihanna
3011,panda,desiigner
3013,one dance,drake
3014,can't stop the feeling,justin timberlake
3024,cheap thrills,sia
3028,closer,the chainsmokers
3040,black beatles,rae sremmurd
3046,starboy,the weeknd
3048,bad and boujee,migos
3049,shape of you,ed sheeran
3063,humble.,kendrick lamar
3064,that's what i like,bruno mars
3065,i'm the one,dj khaled
3066,despacito,luis fonsi daddy yankee
3082,look what you made,taylor swift
3085,bodak yellow,cardi b
3088,rockstar,post malone
3096,perfect,ed sheeran
3101,havana,camila cabello
3102,god's plan,drake
3113,nice for what,drake
3117,this is america,childish gambino
3121,psycho,post malone
3123,sad,xxxtentacion
3124,i like it,cardi b bad bunny
3126,in my feelings,drake
3136,girls like you,maroon 5
3143,thank u next,ariana grande
3146,sicko mode,travis scott
3151,without me,halsey
3152,sunflower,post malone swae lee
3154,7 rings,ariana grande
3159,shallow,lady gaga bradley cooper
3160,sucker,jonas brothers
3164,old town road,lil nas x
3183,bad guy,billie eilish
3184,senorita,shawn mendes camila cabello
3185,truth hurts,lizzo
3191,highest in the room,travis scott
3193,someone you loved,lewis capaldi
3194,lose you to love,selena gomez
3197,circles,post malone
3199,heartless,the weeknd
3200,all i want for,mariah carey
3204,the box,roddy ricch
3215,blinding lights,the weeknd
3217,toosie slide,drake
3220,the scotts,the scotts travis scott
3221,say so,doja cat
3222,stuck with u,ariana grande justin bieber
3223,savage,megan thee stallion
3224,rain on me,lady gaga ariana grande
3225,rockstar,dababy
3227,trollz,6ix9ine nicki minaj
3233,cardigan,taylor swift
3234,watermelon sugar,harry styles
3235,wap,cardi b
3237,dynamite,bts
3242,franchise,travis scott
3243,savage love,jawsh 685 x jason
3244,mood,24kgoldn
3246,positions,ariana grande
3250,life goes on,bts
3253,willow,taylor swift
3257,drivers license,olivia rodrigo
3265,what's next,drake
3266,up,cardi b
3267,peaches,justin bieber
3268,montero,lil nas x
3269,leave the door open,silk sonic
3270,rapstar,polo g
3272,save your tears,the weeknd ariana grande
3275,good 4 u,olivia rodrigo
3276,butter,bts
3283,permission to dance,bts
3286,stay,the kid laroi justin
3291,way 2 sexy,drake
3294,my universe,coldplay x bts
3296,industry baby,lil nas x jack
3297,easy on me,adele
3301,all too well,taylor swift
3311,we don't talk about,carolina gaitan mauro castillo
3316,heat waves,glass animals
3321,as it was,harry styles
3322,first class,jack harlow
3325,wait for u,future
3332,jimmy cooks,drake
3336,about damn time,lizzo
3338,break my soul,beyonce
3340,super freaky girl,nicki minaj
3346,bad habit,steve lacy
3349,unholy,sam smith kim petras
3350,anti-hero,taylor swift
3362,flowers,miley cyrus
3368,die for you,the weeknd ariana grande
3369,last night,morgan wallen
3372,like crazy,jimin
3375,kill bill,sza
3386,vampire,olivia rodrigo
3388,seven,jung kook
3389,try that in a,jason aldean
3392,rich men north of,oliver anthony music
3394,i remember everything,zach bryan
3395,paint the town red,doja cat
3397,slime you out,drake
3400,first person shooter,drake
3401,cruel summer,taylor swift
3403,is it over now,taylor swift
3406,lovin on me,jack harlow
3407,rockin' around the christmas,brenda lee
3414,yes and,ariana grande
3416,hiss,megan thee stallion
3419,texas hold 'em,beyonce
3421,carnival,$ kanye west ty
3422,we can't be friends,ariana grande
3423,lose control,teddy swims
3424,like that,future metro boomin kendrick
3427,too sweet,hozier
3428,fortnight,taylor swift
3430,not like us,kendrick lamar
3431,i had some help,post malone
3435,please please please,sabrina carpenter
3437,a bar song,shaboozey
3453,love somebody,morgan wallen
